date,flow
7/1/1968,283
7/2/1968,276
7/3/1968,272
7/4/1968,266
7/5/1968,258
7/6/1968,252
7/7/1968,248
7/8/1968,241
7/9/1968,234
7/10/1968,230
7/11/1968,227
7/12/1968,224
7/13/1968,217
7/14/1968,217
7/15/1968,217
7/16/1968,214
7/17/1968,211
7/18/1968,208
7/19/1968,205
7/20/1968,199
7/21/1968,199
7/22/1968,196
7/23/1968,193
7/24/1968,190
7/25/1968,187
7/26/1968,184
7/27/1968,181
7/28/1968,178
7/29/1968,178
7/30/1968,181
7/31/1968,184
8/1/1968,187
8/2/1968,184
8/3/1968,181
8/4/1968,175
8/5/1968,172
8/6/1968,172
8/7/1968,169
8/8/1968,169
8/9/1968,166
8/10/1968,166
8/11/1968,163
8/12/1968,163
8/13/1968,163
8/14/1968,166
8/15/1968,172
8/16/1968,175
8/17/1968,205
8/18/1968,190
8/19/1968,268
8/20/1968,418
8/21/1968,238
8/22/1968,214
8/23/1968,202
8/24/1968,190
8/25/1968,184
8/26/1968,181
8/27/1968,178
8/28/1968,175
8/29/1968,172
8/30/1968,166
8/31/1968,163
9/1/1968,160
9/2/1968,158
9/3/1968,155
9/4/1968,155
9/5/1968,152
9/6/1968,152
9/7/1968,152
9/8/1968,152
9/9/1968,152
9/10/1968,150
9/11/1968,148
9/12/1968,148
9/13/1968,148
9/14/1968,148
9/15/1968,150
9/16/1968,148
9/17/1968,145
9/18/1968,142
9/19/1968,142
9/20/1968,145
9/21/1968,145
9/22/1968,148
9/23/1968,148
9/24/1968,145
9/25/1968,145
9/26/1968,145
9/27/1968,142
9/28/1968,140
9/29/1968,138
9/30/1968,140
10/1/1968,142
10/2/1968,142
10/3/1968,145
10/4/1968,142
10/5/1968,140
10/6/1968,140
10/7/1968,140
10/8/1968,140
10/9/1968,140
10/10/1968,140
10/11/1968,148
10/12/1968,576
10/13/1968,520
10/14/1968,370
10/15/1968,280
10/16/1968,230
10/17/1968,208
10/18/1968,199
10/19/1968,193
10/20/1968,184
10/21/1968,181
10/22/1968,178
10/23/1968,175
10/24/1968,172
10/25/1968,169
10/26/1968,166
10/27/1968,166
10/28/1968,166
10/29/1968,195
10/30/1968,340
10/31/1968,227
11/1/1968,199
11/2/1968,371
11/3/1968,1230
11/4/1968,729
11/5/1968,433
11/6/1968,342
11/7/1968,298
11/8/1968,272
11/9/1968,262
11/10/1968,255
11/11/1968,258
11/12/1968,1240
11/13/1968,582
11/14/1968,424
11/15/1968,424
11/16/1968,402
11/17/1968,384
11/18/1968,575
11/19/1968,759
11/20/1968,535
11/21/1968,451
11/22/1968,402
11/23/1968,402
11/24/1968,410
11/25/1968,402
11/26/1968,362
11/27/1968,342
11/28/1968,318
11/29/1968,298
11/30/1968,350
12/1/1968,354
12/2/1968,326
12/3/1968,298
12/4/1968,294
12/5/1968,298
12/6/1968,286
12/7/1968,280
12/8/1968,286
12/9/1968,298
12/10/1968,836
12/11/1968,1310
12/12/1968,694
12/13/1968,555
12/14/1968,670
12/15/1968,1370
12/16/1968,1180
12/17/1968,748
12/18/1968,598
12/19/1968,540
12/20/1968,470
12/21/1968,410
12/22/1968,410
12/23/1968,451
12/24/1968,1040
12/25/1968,1700
12/26/1968,1050
12/27/1968,766
12/28/1968,659
12/29/1968,598
12/30/1968,545
12/31/1968,515
1/1/1969,485
1/2/1969,470
1/3/1969,470
1/4/1969,571
1/5/1969,648
1/6/1969,688
1/7/1969,706
1/8/1969,688
1/9/1969,632
1/10/1969,582
1/11/1969,648
1/12/1969,990
1/13/1969,4280
1/14/1969,4350
1/15/1969,2200
1/16/1969,1580
1/17/1969,1270
1/18/1969,1190
1/19/1969,9060
1/20/1969,16000
1/21/1969,19000
1/22/1969,8500
1/23/1969,5000
1/24/1969,4500
1/25/1969,6500
1/26/1969,12000
1/27/1969,6500
1/28/1969,4500
1/29/1969,3500
1/30/1969,2800
1/31/1969,2300
2/1/1969,2150
2/2/1969,1980
2/3/1969,1840
2/4/1969,1730
2/5/1969,1740
2/6/1969,1670
2/7/1969,1520
2/8/1969,1430
2/9/1969,1650
2/10/1969,1790
2/11/1969,2000
2/12/1969,2300
2/13/1969,2010
2/14/1969,1840
2/15/1969,2430
2/16/1969,2240
2/17/1969,1960
2/18/1969,1770
2/19/1969,1640
2/20/1969,1550
2/21/1969,1440
2/22/1969,1350
2/23/1969,1350
2/24/1969,1330
2/25/1969,1290
2/26/1969,1220
2/27/1969,1160
2/28/1969,1300
3/1/1969,1280
3/2/1969,1220
3/3/1969,1160
3/4/1969,1100
3/5/1969,1080
3/6/1969,1080
3/7/1969,1040
3/8/1969,1000
3/9/1969,974
3/10/1969,946
3/11/1969,918
3/12/1969,897
3/13/1969,878
3/14/1969,866
3/15/1969,884
3/16/1969,953
3/17/1969,1090
3/18/1969,1240
3/19/1969,1230
3/20/1969,1260
3/21/1969,1330
3/22/1969,1360
3/23/1969,1470
3/24/1969,1520
3/25/1969,1560
3/26/1969,1670
3/27/1969,1930
3/28/1969,2290
3/29/1969,2670
3/30/1969,3160
3/31/1969,3950
4/1/1969,4040
4/2/1969,3640
4/3/1969,3030
4/4/1969,2670
4/5/1969,3460
4/6/1969,3080
4/7/1969,2600
4/8/1969,2400
4/9/1969,2320
4/10/1969,2290
4/11/1969,2590
4/12/1969,3110
4/13/1969,3350
4/14/1969,3080
4/15/1969,2660
4/16/1969,2530
4/17/1969,2710
4/18/1969,3730
4/19/1969,3510
4/20/1969,3660
4/21/1969,4200
4/22/1969,4880
4/23/1969,5100
4/24/1969,4090
4/25/1969,3340
4/26/1969,2940
4/27/1969,2770
4/28/1969,2900
4/29/1969,3580
4/30/1969,3860
5/1/1969,3800
5/2/1969,3640
5/3/1969,3460
5/4/1969,3020
5/5/1969,3260
5/6/1969,4250
5/7/1969,4900
5/8/1969,5340
5/9/1969,6160
5/10/1969,6380
5/11/1969,6550
5/12/1969,6570
5/13/1969,6090
5/14/1969,5500
5/15/1969,4860
5/16/1969,4820
5/17/1969,5220
5/18/1969,5500
5/19/1969,5180
5/20/1969,4620
5/21/1969,4540
5/22/1969,4800
5/23/1969,5100
5/24/1969,5120
5/25/1969,4720
5/26/1969,4620
5/27/1969,4540
5/28/1969,4160
5/29/1969,4020
5/30/1969,4230
5/31/1969,4360
6/1/1969,4160
6/2/1969,3950
6/3/1969,3960
6/4/1969,3910
6/5/1969,3640
6/6/1969,3450
6/7/1969,3140
6/8/1969,2900
6/9/1969,2690
6/10/1969,2310
6/11/1969,2240
6/12/1969,2190
6/13/1969,2250
6/14/1969,2460
6/15/1969,2460
6/16/1969,2310
6/17/1969,2120
6/18/1969,2060
6/19/1969,1990
6/20/1969,1810
6/21/1969,1660
6/22/1969,1540
6/23/1969,1510
6/24/1969,1430
6/25/1969,1320
6/26/1969,1240
6/27/1969,1160
6/28/1969,1100
6/29/1969,1040
6/30/1969,981
7/1/1969,939
7/2/1969,911
7/3/1969,878
7/4/1969,848
7/5/1969,824
7/6/1969,800
7/7/1969,770
7/8/1969,752
7/9/1969,746
7/10/1969,710
7/11/1969,680
7/12/1969,650
7/13/1969,626
7/14/1969,608
7/15/1969,590
7/16/1969,560
7/17/1969,536
7/18/1969,512
7/19/1969,494
7/20/1969,476
7/21/1969,455
7/22/1969,445
7/23/1969,430
7/24/1969,425
7/25/1969,415
7/26/1969,395
7/27/1969,385
7/28/1969,370
7/29/1969,366
7/30/1969,354
7/31/1969,342
8/1/1969,342
8/2/1969,342
8/3/1969,330
8/4/1969,322
8/5/1969,318
8/6/1969,314
8/7/1969,306
8/8/1969,302
8/9/1969,298
8/10/1969,290
8/11/1969,290
8/12/1969,283
8/13/1969,280
8/14/1969,273
8/15/1969,269
8/16/1969,255
8/17/1969,252
8/18/1969,255
8/19/1969,255
8/20/1969,249
8/21/1969,246
8/22/1969,243
8/23/1969,240
8/24/1969,237
8/25/1969,234
8/26/1969,234
8/27/1969,231
8/28/1969,228
8/29/1969,228
8/30/1969,225
8/31/1969,222
9/1/1969,219
9/2/1969,216
9/3/1969,213
9/4/1969,210
9/5/1969,207
9/6/1969,207
9/7/1969,207
9/8/1969,213
9/9/1969,207
9/10/1969,204
9/11/1969,201
9/12/1969,201
9/13/1969,198
9/14/1969,195
9/15/1969,193
9/16/1969,193
9/17/1969,195
9/18/1969,196
9/19/1969,195
9/20/1969,195
9/21/1969,195
9/22/1969,190
9/23/1969,190
9/24/1969,188
9/25/1969,188
9/26/1969,185
9/27/1969,185
9/28/1969,183
9/29/1969,183
9/30/1969,180
10/1/1969,182
10/2/1969,183
10/3/1969,180
10/4/1969,181
10/5/1969,183
10/6/1969,183
10/7/1969,183
10/8/1969,200
10/9/1969,228
10/10/1969,198
10/11/1969,190
10/12/1969,188
10/13/1969,188
10/14/1969,201
10/15/1969,312
10/16/1969,855
10/17/1969,785
10/18/1969,430
10/19/1969,312
10/20/1969,275
10/21/1969,269
10/22/1969,262
10/23/1969,250
10/24/1969,241
10/25/1969,234
10/26/1969,231
10/27/1969,223
10/28/1969,220
10/29/1969,217
10/30/1969,211
10/31/1969,208
11/1/1969,207
11/2/1969,205
11/3/1969,205
11/4/1969,204
11/5/1969,365
11/6/1969,499
11/7/1969,400
11/8/1969,400
11/9/1969,321
11/10/1969,293
11/11/1969,284
11/12/1969,290
11/13/1969,297
11/14/1969,289
11/15/1969,276
11/16/1969,291
11/17/1969,285
11/18/1969,255
11/19/1969,248
11/20/1969,242
11/21/1969,237
11/22/1969,232
11/23/1969,226
11/24/1969,219
11/25/1969,223
11/26/1969,221
11/27/1969,217
11/28/1969,214
11/29/1969,209
11/30/1969,208
12/1/1969,206
12/2/1969,206
12/3/1969,205
12/4/1969,204
12/5/1969,199
12/6/1969,200
12/7/1969,201
12/8/1969,217
12/9/1969,231
12/10/1969,276
12/11/1969,535
12/12/1969,749
12/13/1969,1110
12/14/1969,720
12/15/1969,526
12/16/1969,422
12/17/1969,373
12/18/1969,345
12/19/1969,974
12/20/1969,1870
12/21/1969,8460
12/22/1969,4050
12/23/1969,3080
12/24/1969,11400
12/25/1969,8050
12/26/1969,4340
12/27/1969,2670
12/28/1969,1930
12/29/1969,1580
12/30/1969,1350
12/31/1969,1170
1/1/1970,1060
1/2/1970,950
1/3/1970,867
1/4/1970,827
1/5/1970,724
1/6/1970,712
1/7/1970,707
1/8/1970,749
1/9/1970,1890
1/10/1970,3770
1/11/1970,2200
1/12/1970,2420
1/13/1970,6330
1/14/1970,13400
1/15/1970,7390
1/16/1970,18500
1/17/1970,15600
1/18/1970,9140
1/19/1970,6940
1/20/1970,8170
1/21/1970,20800
1/22/1970,24000
1/23/1970,13500
1/24/1970,17200
1/25/1970,9560
1/26/1970,6600
1/27/1970,8860
1/28/1970,5880
1/29/1970,4580
1/30/1970,3820
1/31/1970,3200
2/1/1970,2770
2/2/1970,2410
2/3/1970,2220
2/4/1970,2050
2/5/1970,1930
2/6/1970,1800
2/7/1970,1710
2/8/1970,1650
2/9/1970,1580
2/10/1970,1530
2/11/1970,1490
2/12/1970,1730
2/13/1970,1870
2/14/1970,1810
2/15/1970,1720
2/16/1970,1850
2/17/1970,2540
2/18/1970,1960
2/19/1970,1760
2/20/1970,1630
2/21/1970,1530
2/22/1970,1470
2/23/1970,1420
2/24/1970,1380
2/25/1970,1340
2/26/1970,1330
2/27/1970,1330
2/28/1970,1530
3/1/1970,3320
3/2/1970,2420
3/3/1970,1960
3/4/1970,1800
3/5/1970,1660
3/6/1970,1590
3/7/1970,1560
3/8/1970,1930
3/9/1970,1790
3/10/1970,1720
3/11/1970,1590
3/12/1970,1510
3/13/1970,1550
3/14/1970,1820
3/15/1970,1900
3/16/1970,1750
3/17/1970,1720
3/18/1970,1580
3/19/1970,1480
3/20/1970,1420
3/21/1970,1360
3/22/1970,1350
3/23/1970,1370
3/24/1970,1370
3/25/1970,1420
3/26/1970,1380
3/27/1970,1300
3/28/1970,1260
3/29/1970,1250
3/30/1970,1200
3/31/1970,1140
4/1/1970,1090
4/2/1970,1090
4/3/1970,1080
4/4/1970,1060
4/5/1970,1080
4/6/1970,1140
4/7/1970,1170
4/8/1970,1150
4/9/1970,1140
4/10/1970,1220
4/11/1970,1350
4/12/1970,1220
4/13/1970,1220
4/14/1970,1160
4/15/1970,1080
4/16/1970,1070
4/17/1970,1020
4/18/1970,1000
4/19/1970,1060
4/20/1970,990
4/21/1970,951
4/22/1970,916
4/23/1970,889
4/24/1970,870
4/25/1970,878
4/26/1970,997
4/27/1970,959
4/28/1970,903
4/29/1970,889
4/30/1970,937
5/1/1970,1020
5/2/1970,1100
5/3/1970,1240
5/4/1970,1450
5/5/1970,1610
5/6/1970,1730
5/7/1970,1540
5/8/1970,1520
5/9/1970,1650
5/10/1970,1630
5/11/1970,1410
5/12/1970,1330
5/13/1970,1290
5/14/1970,1360
5/15/1970,1560
5/16/1970,1830
5/17/1970,2120
5/18/1970,2240
5/19/1970,2070
5/20/1970,1870
5/21/1970,1740
5/22/1970,1780
5/23/1970,1810
5/24/1970,1810
5/25/1970,1830
5/26/1970,1850
5/27/1970,1800
5/28/1970,1620
5/29/1970,1500
5/30/1970,1430
5/31/1970,1390
6/1/1970,1350
6/2/1970,1360
6/3/1970,1330
6/4/1970,1300
6/5/1970,1240
6/6/1970,1200
6/7/1970,1100
6/8/1970,1020
6/9/1970,1080
6/10/1970,1150
6/11/1970,954
6/12/1970,871
6/13/1970,829
6/14/1970,859
6/15/1970,779
6/16/1970,738
6/17/1970,710
6/18/1970,680
6/19/1970,661
6/20/1970,644
6/21/1970,630
6/22/1970,605
6/23/1970,565
6/24/1970,534
6/25/1970,501
6/26/1970,494
6/27/1970,510
6/28/1970,481
6/29/1970,488
6/30/1970,442
7/1/1970,417
7/2/1970,393
7/3/1970,366
7/4/1970,347
7/5/1970,339
7/6/1970,323
7/7/1970,311
7/8/1970,303
7/9/1970,299
7/10/1970,293
7/11/1970,289
7/12/1970,282
7/13/1970,278
7/14/1970,272
7/15/1970,262
7/16/1970,256
7/17/1970,254
7/18/1970,250
7/19/1970,244
7/20/1970,241
7/21/1970,241
7/22/1970,235
7/23/1970,236
7/24/1970,231
7/25/1970,232
7/26/1970,228
7/27/1970,225
7/28/1970,222
7/29/1970,222
7/30/1970,217
7/31/1970,217
8/1/1970,215
8/2/1970,217
8/3/1970,215
8/4/1970,210
8/5/1970,205
8/6/1970,204
8/7/1970,201
8/8/1970,196
8/9/1970,195
8/10/1970,192
8/11/1970,189
8/12/1970,185
8/13/1970,185
8/14/1970,183
8/15/1970,180
8/16/1970,180
8/17/1970,178
8/18/1970,176
8/19/1970,175
8/20/1970,173
8/21/1970,171
8/22/1970,170
8/23/1970,168
8/24/1970,167
8/25/1970,163
8/26/1970,163
8/27/1970,163
8/28/1970,160
8/29/1970,161
8/30/1970,160
8/31/1970,158
9/1/1970,158
9/2/1970,158
9/3/1970,157
9/4/1970,156
9/5/1970,170
9/6/1970,175
9/7/1970,170
9/8/1970,165
9/9/1970,160
9/10/1970,156
9/11/1970,153
9/12/1970,152
9/13/1970,150
9/14/1970,153
9/15/1970,158
9/16/1970,158
9/17/1970,156
9/18/1970,154
9/19/1970,154
9/20/1970,156
9/21/1970,158
9/22/1970,155
9/23/1970,153
9/24/1970,155
9/25/1970,150
9/26/1970,149
9/27/1970,149
9/28/1970,149
9/29/1970,148
9/30/1970,148
10/1/1970,145
10/2/1970,145
10/3/1970,145
10/4/1970,145
10/5/1970,145
10/6/1970,145
10/7/1970,145
10/8/1970,148
10/9/1970,151
10/10/1970,153
10/11/1970,150
10/12/1970,150
10/13/1970,150
10/14/1970,147
10/15/1970,145
10/16/1970,145
10/17/1970,146
10/18/1970,148
10/19/1970,153
10/20/1970,190
10/21/1970,211
10/22/1970,269
10/23/1970,368
10/24/1970,455
10/25/1970,243
10/26/1970,211
10/27/1970,194
10/28/1970,187
10/29/1970,187
10/30/1970,183
10/31/1970,186
11/1/1970,188
11/2/1970,189
11/3/1970,189
11/4/1970,269
11/5/1970,1290
11/6/1970,1150
11/7/1970,1150
11/8/1970,697
11/9/1970,1030
11/10/1970,1750
11/11/1970,1000
11/12/1970,1600
11/13/1970,912
11/14/1970,680
11/15/1970,557
11/16/1970,474
11/17/1970,425
11/18/1970,390
11/19/1970,360
11/20/1970,343
11/21/1970,324
11/22/1970,319
11/23/1970,313
11/24/1970,344
11/25/1970,3350
11/26/1970,3270
11/27/1970,1650
11/28/1970,1630
11/29/1970,2030
11/30/1970,2000
12/1/1970,2200
12/2/1970,3210
12/3/1970,1800
12/4/1970,2970
12/5/1970,2180
12/6/1970,1910
12/7/1970,1800
12/8/1970,2150
12/9/1970,2600
12/10/1970,1840
12/11/1970,1500
12/12/1970,1330
12/13/1970,1190
12/14/1970,1080
12/15/1970,1030
12/16/1970,1290
12/17/1970,1150
12/18/1970,1030
12/19/1970,931
12/20/1970,892
12/21/1970,903
12/22/1970,819
12/23/1970,745
12/24/1970,734
12/25/1970,704
12/26/1970,699
12/27/1970,729
12/28/1970,770
12/29/1970,1350
12/30/1970,1190
12/31/1970,969
1/1/1971,877
1/2/1971,827
1/3/1971,731
1/4/1971,706
1/5/1971,683
1/6/1971,657
1/7/1971,632
1/8/1971,620
1/9/1971,625
1/10/1971,775
1/11/1971,1560
1/12/1971,1410
1/13/1971,1150
1/14/1971,1100
1/15/1971,1050
1/16/1971,1080
1/17/1971,2160
1/18/1971,3870
1/19/1971,3730
1/20/1971,3340
1/21/1971,2790
1/22/1971,2290
1/23/1971,1960
1/24/1971,1760
1/25/1971,1590
1/26/1971,1500
1/27/1971,1480
1/28/1971,1490
1/29/1971,1490
1/30/1971,1540
1/31/1971,1590
2/1/1971,1630
2/2/1971,1680
2/3/1971,1610
2/4/1971,1500
2/5/1971,1400
2/6/1971,1340
2/7/1971,1290
2/8/1971,1250
2/9/1971,1230
2/10/1971,1260
2/11/1971,1500
2/12/1971,1750
2/13/1971,1910
2/14/1971,1940
2/15/1971,1950
2/16/1971,1910
2/17/1971,1740
2/18/1971,1590
2/19/1971,1540
2/20/1971,1390
2/21/1971,1310
2/22/1971,1240
2/23/1971,1180
2/24/1971,1120
2/25/1971,1090
2/26/1971,1020
2/27/1971,1020
2/28/1971,995
3/1/1971,929
3/2/1971,889
3/3/1971,896
3/4/1971,878
3/5/1971,842
3/6/1971,812
3/7/1971,812
3/8/1971,800
3/9/1971,809
3/10/1971,804
3/11/1971,866
3/12/1971,4300
3/13/1971,3560
3/14/1971,2170
3/15/1971,1780
3/16/1971,1610
3/17/1971,1590
3/18/1971,1470
3/19/1971,1420
3/20/1971,1430
3/21/1971,1470
3/22/1971,1500
3/23/1971,2600
3/24/1971,4250
3/25/1971,4330
3/26/1971,11600
3/27/1971,6270
3/28/1971,4450
3/29/1971,3690
3/30/1971,3420
3/31/1971,3000
4/1/1971,2640
4/2/1971,2470
4/3/1971,2380
4/4/1971,2410
4/5/1971,2520
4/6/1971,2740
4/7/1971,2710
4/8/1971,2380
4/9/1971,2310
4/10/1971,3170
4/11/1971,2520
4/12/1971,2340
4/13/1971,2360
4/14/1971,2400
4/15/1971,2680
4/16/1971,2890
4/17/1971,2940
4/18/1971,2390
4/19/1971,2140
4/20/1971,2140
4/21/1971,1950
4/22/1971,1800
4/23/1971,1700
4/24/1971,1630
4/25/1971,1550
4/26/1971,1510
4/27/1971,1460
4/28/1971,1540
4/29/1971,1730
4/30/1971,1960
5/1/1971,2270
5/2/1971,2500
5/3/1971,2460
5/4/1971,2440
5/5/1971,2300
5/6/1971,2430
5/7/1971,2440
5/8/1971,3460
5/9/1971,3080
5/10/1971,3500
5/11/1971,3910
5/12/1971,3810
5/13/1971,4200
5/14/1971,4220
5/15/1971,4200
5/16/1971,4060
5/17/1971,3390
5/18/1971,3040
5/19/1971,3060
5/20/1971,3250
5/21/1971,3340
5/22/1971,2660
5/23/1971,2950
5/24/1971,3510
5/25/1971,3900
5/26/1971,4250
5/27/1971,3690
5/28/1971,3100
5/29/1971,2640
5/30/1971,2610
5/31/1971,2270
6/1/1971,2070
6/2/1971,1870
6/3/1971,1860
6/4/1971,1880
6/5/1971,2110
6/6/1971,2580
6/7/1971,3110
6/8/1971,3350
6/9/1971,3350
6/10/1971,3380
6/11/1971,3330
6/12/1971,3390
6/13/1971,3290
6/14/1971,3200
6/15/1971,3200
6/16/1971,3390
6/17/1971,3390
6/18/1971,3210
6/19/1971,3130
6/20/1971,3060
6/21/1971,2880
6/22/1971,2700
6/23/1971,2550
6/24/1971,2360
6/25/1971,2160
6/26/1971,3390
6/27/1971,3430
6/28/1971,2400
6/29/1971,1970
6/30/1971,1790
7/1/1971,1710
7/2/1971,1620
7/3/1971,1510
7/4/1971,1420
7/5/1971,1350
7/6/1971,1280
7/7/1971,1200
7/8/1971,1130
7/9/1971,1070
7/10/1971,1010
7/11/1971,945
7/12/1971,883
7/13/1971,844
7/14/1971,812
7/15/1971,793
7/16/1971,767
7/17/1971,740
7/18/1971,752
7/19/1971,714
7/20/1971,674
7/21/1971,651
7/22/1971,605
7/23/1971,570
7/24/1971,537
7/25/1971,514
7/26/1971,496
7/27/1971,474
7/28/1971,457
7/29/1971,443
7/30/1971,423
7/31/1971,412
8/1/1971,400
8/2/1971,382
8/3/1971,368
8/4/1971,357
8/5/1971,355
8/6/1971,351
8/7/1971,343
8/8/1971,332
8/9/1971,326
8/10/1971,327
8/11/1971,320
8/12/1971,312
8/13/1971,300
8/14/1971,290
8/15/1971,287
8/16/1971,284
8/17/1971,281
8/18/1971,276
8/19/1971,273
8/20/1971,269
8/21/1971,266
8/22/1971,263
8/23/1971,265
8/24/1971,264
8/25/1971,259
8/26/1971,256
8/27/1971,254
8/28/1971,253
8/29/1971,253
8/30/1971,247
8/31/1971,248
9/1/1971,253
9/2/1971,256
9/3/1971,243
9/4/1971,237
9/5/1971,233
9/6/1971,230
9/7/1971,229
9/8/1971,228
9/9/1971,222
9/10/1971,220
9/11/1971,222
9/12/1971,219
9/13/1971,215
9/14/1971,211
9/15/1971,207
9/16/1971,205
9/17/1971,201
9/18/1971,197
9/19/1971,200
9/20/1971,203
9/21/1971,203
9/22/1971,200
9/23/1971,200
9/24/1971,198
9/25/1971,200
9/26/1971,219
9/27/1971,245
9/28/1971,231
9/29/1971,238
9/30/1971,388
10/1/1971,276
10/2/1971,260
10/3/1971,260
10/4/1971,255
10/5/1971,244
10/6/1971,235
10/7/1971,229
10/8/1971,226
10/9/1971,222
10/10/1971,219
10/11/1971,216
10/12/1971,215
10/13/1971,213
10/14/1971,210
10/15/1971,213
10/16/1971,233
10/17/1971,235
10/18/1971,234
10/19/1971,236
10/20/1971,237
10/21/1971,240
10/22/1971,232
10/23/1971,238
10/24/1971,242
10/25/1971,235
10/26/1971,227
10/27/1971,227
10/28/1971,230
10/29/1971,220
10/30/1971,220
10/31/1971,229
11/1/1971,228
11/2/1971,228
11/3/1971,225
11/4/1971,222
11/5/1971,222
11/6/1971,217
11/7/1971,214
11/8/1971,214
11/9/1971,213
11/10/1971,212
11/11/1971,287
11/12/1971,626
11/13/1971,486
11/14/1971,337
11/15/1971,263
11/16/1971,242
11/17/1971,230
11/18/1971,224
11/19/1971,216
11/20/1971,213
11/21/1971,221
11/22/1971,225
11/23/1971,223
11/24/1971,226
11/25/1971,263
11/26/1971,284
11/27/1971,766
11/28/1971,527
11/29/1971,606
11/30/1971,458
12/1/1971,338
12/2/1971,326
12/3/1971,326
12/4/1971,298
12/5/1971,280
12/6/1971,424
12/7/1971,420
12/8/1971,302
12/9/1971,318
12/10/1971,298
12/11/1971,287
12/12/1971,294
12/13/1971,276
12/14/1971,280
12/15/1971,269
12/16/1971,246
12/17/1971,249
12/18/1971,255
12/19/1971,255
12/20/1971,255
12/21/1971,252
12/22/1971,1410
12/23/1971,1420
12/24/1971,1150
12/25/1971,1130
12/26/1971,782
12/27/1971,614
12/28/1971,500
12/29/1971,445
12/30/1971,400
12/31/1971,375
1/1/1972,366
1/2/1972,366
1/3/1972,370
1/4/1972,346
1/5/1972,354
1/6/1972,338
1/7/1972,333
1/8/1972,331
1/9/1972,322
1/10/1972,317
1/11/1972,313
1/12/1972,312
1/13/1972,314
1/14/1972,318
1/15/1972,334
1/16/1972,349
1/17/1972,360
1/18/1972,371
1/19/1972,439
1/20/1972,511
1/21/1972,741
1/22/1972,1470
1/23/1972,3210
1/24/1972,1930
1/25/1972,1330
1/26/1972,1060
1/27/1972,897
1/28/1972,788
1/29/1972,692
1/30/1972,638
1/31/1972,608
2/1/1972,572
2/2/1972,522
2/3/1972,506
2/4/1972,490
2/5/1972,558
2/6/1972,664
2/7/1972,643
2/8/1972,616
2/9/1972,593
2/10/1972,578
2/11/1972,569
2/12/1972,576
2/13/1972,586
2/14/1972,599
2/15/1972,586
2/16/1972,596
2/17/1972,614
2/18/1972,626
2/19/1972,662
2/20/1972,746
2/21/1972,830
2/22/1972,1440
2/23/1972,1450
2/24/1972,2120
2/25/1972,2800
2/26/1972,2430
2/27/1972,1940
2/28/1972,1850
2/29/1972,2690
3/1/1972,2670
3/2/1972,2280
3/3/1972,2760
3/4/1972,3320
3/5/1972,3350
3/6/1972,2980
3/7/1972,2760
3/8/1972,2690
3/9/1972,2710
3/10/1972,3060
3/11/1972,3320
3/12/1972,3060
3/13/1972,2830
3/14/1972,2670
3/15/1972,2550
3/16/1972,2450
3/17/1972,2530
3/18/1972,2620
3/19/1972,2590
3/20/1972,2310
3/21/1972,2220
3/22/1972,2240
3/23/1972,2170
3/24/1972,1950
3/25/1972,2310
3/26/1972,2410
3/27/1972,2130
3/28/1972,1930
3/29/1972,1750
3/30/1972,1610
3/31/1972,1520
4/1/1972,1420
4/2/1972,1390
4/3/1972,1400
4/4/1972,1590
4/5/1972,2830
4/6/1972,4180
4/7/1972,3170
4/8/1972,2480
4/9/1972,2150
4/10/1972,1950
4/11/1972,2000
4/12/1972,2120
4/13/1972,2230
4/14/1972,1890
4/15/1972,1840
4/16/1972,1880
4/17/1972,1920
4/18/1972,1860
4/19/1972,1710
4/20/1972,1610
4/21/1972,1600
4/22/1972,1620
4/23/1972,1640
4/24/1972,1830
4/25/1972,1660
4/26/1972,1590
4/27/1972,1710
4/28/1972,1940
4/29/1972,2000
4/30/1972,1860
5/1/1972,1900
5/2/1972,2070
5/3/1972,2070
5/4/1972,2230
5/5/1972,2290
5/6/1972,2350
5/7/1972,2300
5/8/1972,1930
5/9/1972,1900
5/10/1972,1890
5/11/1972,1940
5/12/1972,2040
5/13/1972,2200
5/14/1972,2280
5/15/1972,2290
5/16/1972,2300
5/17/1972,2250
5/18/1972,2140
5/19/1972,2020
5/20/1972,1890
5/21/1972,1700
5/22/1972,1520
5/23/1972,1490
5/24/1972,1540
5/25/1972,1540
5/26/1972,1570
5/27/1972,1660
5/28/1972,1780
5/29/1972,1930
5/30/1972,1910
5/31/1972,1890
6/1/1972,1810
6/2/1972,1730
6/3/1972,1620
6/4/1972,1510
6/5/1972,1450
6/6/1972,1440
6/7/1972,1360
6/8/1972,1310
6/9/1972,1260
6/10/1972,1230
6/11/1972,1110
6/12/1972,976
6/13/1972,919
6/14/1972,888
6/15/1972,861
6/16/1972,827
6/17/1972,785
6/18/1972,754
6/19/1972,725
6/20/1972,698
6/21/1972,657
6/22/1972,624
6/23/1972,597
6/24/1972,579
6/25/1972,553
6/26/1972,527
6/27/1972,507
6/28/1972,496
6/29/1972,472
6/30/1972,443
7/1/1972,430
7/2/1972,413
7/3/1972,397
7/4/1972,378
7/5/1972,370
7/6/1972,359
7/7/1972,348
7/8/1972,340
7/9/1972,333
7/10/1972,327
7/11/1972,323
7/12/1972,316
7/13/1972,309
7/14/1972,301
7/15/1972,294
7/16/1972,289
7/17/1972,285
7/18/1972,283
7/19/1972,280
7/20/1972,276
7/21/1972,276
7/22/1972,276
7/23/1972,273
7/24/1972,270
7/25/1972,267
7/26/1972,263
7/27/1972,260
7/28/1972,255
7/29/1972,253
7/30/1972,250
7/31/1972,249
8/1/1972,244
8/2/1972,241
8/3/1972,238
8/4/1972,230
8/5/1972,229
8/6/1972,225
8/7/1972,222
8/8/1972,217
8/9/1972,217
8/10/1972,215
8/11/1972,212
8/12/1972,206
8/13/1972,205
8/14/1972,205
8/15/1972,206
8/16/1972,205
8/17/1972,208
8/18/1972,210
8/19/1972,208
8/20/1972,204
8/21/1972,202
8/22/1972,200
8/23/1972,197
8/24/1972,194
8/25/1972,192
8/26/1972,188
8/27/1972,186
8/28/1972,183
8/29/1972,186
8/30/1972,188
8/31/1972,184
9/1/1972,180
9/2/1972,193
9/3/1972,205
9/4/1972,195
9/5/1972,207
9/6/1972,221
9/7/1972,200
9/8/1972,190
9/9/1972,185
9/10/1972,182
9/11/1972,181
9/12/1972,184
9/13/1972,184
9/14/1972,182
9/15/1972,180
9/16/1972,176
9/17/1972,174
9/18/1972,174
9/19/1972,175
9/20/1972,177
9/21/1972,176
9/22/1972,174
9/23/1972,174
9/24/1972,172
9/25/1972,173
9/26/1972,267
9/27/1972,501
9/28/1972,307
9/29/1972,211
9/30/1972,190
10/1/1972,180
10/2/1972,192
10/3/1972,182
10/4/1972,171
10/5/1972,170
10/6/1972,167
10/7/1972,167
10/8/1972,172
10/9/1972,181
10/10/1972,345
10/11/1972,1070
10/12/1972,554
10/13/1972,309
10/14/1972,259
10/15/1972,334
10/16/1972,439
10/17/1972,453
10/18/1972,357
10/19/1972,316
10/20/1972,279
10/21/1972,253
10/22/1972,237
10/23/1972,229
10/24/1972,216
10/25/1972,205
10/26/1972,202
10/27/1972,201
10/28/1972,196
10/29/1972,192
10/30/1972,188
10/31/1972,187
11/1/1972,190
11/2/1972,190
11/3/1972,218
11/4/1972,1510
11/5/1972,957
11/6/1972,568
11/7/1972,649
11/8/1972,685
11/9/1972,495
11/10/1972,553
11/11/1972,704
11/12/1972,558
11/13/1972,534
11/14/1972,1120
11/15/1972,869
11/16/1972,1080
11/17/1972,793
11/18/1972,666
11/19/1972,754
11/20/1972,656
11/21/1972,552
11/22/1972,500
11/23/1972,437
11/24/1972,408
11/25/1972,392
11/26/1972,408
11/27/1972,438
11/28/1972,417
11/29/1972,405
11/30/1972,391
12/1/1972,382
12/2/1972,378
12/3/1972,428
12/4/1972,592
12/5/1972,416
12/6/1972,446
12/7/1972,435
12/8/1972,400
12/9/1972,370
12/10/1972,367
12/11/1972,343
12/12/1972,376
12/13/1972,341
12/14/1972,339
12/15/1972,340
12/16/1972,373
12/17/1972,2240
12/18/1972,2950
12/19/1972,4960
12/20/1972,3030
12/21/1972,2200
12/22/1972,4600
12/23/1972,2660
12/24/1972,1980
12/25/1972,1560
12/26/1972,1340
12/27/1972,1210
12/28/1972,1110
12/29/1972,974
12/30/1972,902
12/31/1972,846
1/1/1973,770
1/2/1973,728
1/3/1973,734
1/4/1973,662
1/5/1973,602
1/6/1973,590
1/7/1973,542
1/8/1973,590
1/9/1973,752
1/10/1973,918
1/11/1973,2380
1/12/1973,8380
1/13/1973,5550
1/14/1973,3650
1/15/1973,2980
1/16/1973,8740
1/17/1973,5570
1/18/1973,5050
1/19/1973,3800
1/20/1973,2760
1/21/1973,2290
1/22/1973,1920
1/23/1973,1690
1/24/1973,1480
1/25/1973,1410
1/26/1973,1270
1/27/1973,1190
1/28/1973,1110
1/29/1973,1120
1/30/1973,1140
1/31/1973,1160
2/1/1973,1100
2/2/1973,1040
2/3/1973,1060
2/4/1973,1430
2/5/1973,1670
2/6/1973,1620
2/7/1973,1860
2/8/1973,1700
2/9/1973,1630
2/10/1973,2600
2/11/1973,2300
2/12/1973,2200
2/13/1973,1830
2/14/1973,1720
2/15/1973,1550
2/16/1973,1430
2/17/1973,1350
2/18/1973,1300
2/19/1973,1230
2/20/1973,1190
2/21/1973,1100
2/22/1973,1080
2/23/1973,1050
2/24/1973,1400
2/25/1973,1750
2/26/1973,1800
2/27/1973,2200
2/28/1973,3000
3/1/1973,2800
3/2/1973,2700
3/3/1973,2500
3/4/1973,2200
3/5/1973,2100
3/6/1973,1900
3/7/1973,1800
3/8/1973,1700
3/9/1973,1550
3/10/1973,1650
3/11/1973,1800
3/12/1973,1700
3/13/1973,1540
3/14/1973,1430
3/15/1973,1370
3/16/1973,1340
3/17/1973,1350
3/18/1973,1280
3/19/1973,1260
3/20/1973,1300
3/21/1973,1220
3/22/1973,1160
3/23/1973,1130
3/24/1973,1130
3/25/1973,1180
3/26/1973,1220
3/27/1973,1340
3/28/1973,1310
3/29/1973,1230
3/30/1973,1240
3/31/1973,1430
4/1/1973,1350
4/2/1973,1260
4/3/1973,1190
4/4/1973,1200
4/5/1973,1350
4/6/1973,1570
4/7/1973,1790
4/8/1973,1700
4/9/1973,1920
4/10/1973,2160
4/11/1973,2320
4/12/1973,2540
4/13/1973,2580
4/14/1973,2150
4/15/1973,2070
4/16/1973,1930
4/17/1973,2090
4/18/1973,2030
4/19/1973,1880
4/20/1973,1770
4/21/1973,1710
4/22/1973,1820
4/23/1973,2130
4/24/1973,2420
4/25/1973,2620
4/26/1973,3090
4/27/1973,3520
4/28/1973,3600
4/29/1973,3330
4/30/1973,2940
5/1/1973,2640
5/2/1973,2630
5/3/1973,2780
5/4/1973,2810
5/5/1973,2280
5/6/1973,2050
5/7/1973,2210
5/8/1973,2500
5/9/1973,2670
5/10/1973,2860
5/11/1973,3240
5/12/1973,3630
5/13/1973,4140
5/14/1973,4270
5/15/1973,4340
5/16/1973,4250
5/17/1973,4310
5/18/1973,4310
5/19/1973,4010
5/20/1973,3660
5/21/1973,3210
5/22/1973,2950
5/23/1973,2830
5/24/1973,3090
5/25/1973,3120
5/26/1973,2560
5/27/1973,2280
5/28/1973,2320
5/29/1973,2410
5/30/1973,2430
5/31/1973,2290
6/1/1973,2040
6/2/1973,1860
6/3/1973,1710
6/4/1973,1580
6/5/1973,1510
6/6/1973,1470
6/7/1973,1390
6/8/1973,1340
6/9/1973,1290
6/10/1973,1220
6/11/1973,1120
6/12/1973,1050
6/13/1973,988
6/14/1973,934
6/15/1973,873
6/16/1973,821
6/17/1973,785
6/18/1973,742
6/19/1973,707
6/20/1973,678
6/21/1973,650
6/22/1973,628
6/23/1973,608
6/24/1973,598
6/25/1973,571
6/26/1973,551
6/27/1973,527
6/28/1973,506
6/29/1973,480
6/30/1973,453
7/1/1973,443
7/2/1973,431
7/3/1973,417
7/4/1973,403
7/5/1973,392
7/6/1973,382
7/7/1973,373
7/8/1973,368
7/9/1973,361
7/10/1973,349
7/11/1973,342
7/12/1973,333
7/13/1973,333
7/14/1973,329
7/15/1973,326
7/16/1973,319
7/17/1973,317
7/18/1973,308
7/19/1973,299
7/20/1973,292
7/21/1973,290
7/22/1973,287
7/23/1973,280
7/24/1973,274
7/25/1973,265
7/26/1973,257
7/27/1973,255
7/28/1973,251
7/29/1973,247
7/30/1973,241
7/31/1973,238
8/1/1973,234
8/2/1973,229
8/3/1973,224
8/4/1973,222
8/5/1973,221
8/6/1973,219
8/7/1973,218
8/8/1973,213
8/9/1973,212
8/10/1973,211
8/11/1973,209
8/12/1973,206
8/13/1973,202
8/14/1973,199
8/15/1973,196
8/16/1973,192
8/17/1973,189
8/18/1973,188
8/19/1973,186
8/20/1973,184
8/21/1973,183
8/22/1973,183
8/23/1973,183
8/24/1973,185
8/25/1973,190
8/26/1973,231
8/27/1973,262
8/28/1973,219
8/29/1973,200
8/30/1973,191
8/31/1973,186
9/1/1973,183
9/2/1973,180
9/3/1973,179
9/4/1973,177
9/5/1973,175
9/6/1973,175
9/7/1973,174
9/8/1973,171
9/9/1973,168
9/10/1973,167
9/11/1973,168
9/12/1973,168
9/13/1973,166
9/14/1973,162
9/15/1973,164
9/16/1973,165
9/17/1973,165
9/18/1973,165
9/19/1973,166
9/20/1973,296
9/21/1973,261
9/22/1973,198
9/23/1973,247
9/24/1973,277
9/25/1973,239
9/26/1973,207
9/27/1973,190
9/28/1973,185
9/29/1973,183
9/30/1973,182
10/1/1973,177
10/2/1973,175
10/3/1973,175
10/4/1973,173
10/5/1973,172
10/6/1973,173
10/7/1973,302
10/8/1973,426
10/9/1973,285
10/10/1973,229
10/11/1973,209
10/12/1973,200
10/13/1973,195
10/14/1973,190
10/15/1973,187
10/16/1973,185
10/17/1973,182
10/18/1973,181
10/19/1973,178
10/20/1973,193
10/21/1973,200
10/22/1973,349
10/23/1973,969
10/24/1973,432
10/25/1973,353
10/26/1973,326
10/27/1973,300
10/28/1973,285
10/29/1973,268
10/30/1973,247
10/31/1973,239
11/1/1973,235
11/2/1973,230
11/3/1973,225
11/4/1973,218
11/5/1973,294
11/6/1973,920
11/7/1973,3900
11/8/1973,2100
11/9/1973,2270
11/10/1973,6890
11/11/1973,14600
11/12/1973,12800
11/13/1973,5670
11/14/1973,3790
11/15/1973,2620
11/16/1973,4000
11/17/1973,6040
11/18/1973,5290
11/19/1973,3230
11/20/1973,2410
11/21/1973,1950
11/22/1973,1670
11/23/1973,1460
11/24/1973,1350
11/25/1973,1230
11/26/1973,1150
11/27/1973,1060
11/28/1973,1010
11/29/1973,1120
11/30/1973,2070
12/1/1973,3660
12/2/1973,2120
12/3/1973,1640
12/4/1973,1430
12/5/1973,1290
12/6/1973,1210
12/7/1973,1160
12/8/1973,1120
12/9/1973,1090
12/10/1973,1080
12/11/1973,1180
12/12/1973,1130
12/13/1973,1480
12/14/1973,1360
12/15/1973,1200
12/16/1973,1140
12/17/1973,1630
12/18/1973,1660
12/19/1973,1410
12/20/1973,1280
12/21/1973,1480
12/22/1973,1660
12/23/1973,1450
12/24/1973,1300
12/25/1973,1250
12/26/1973,1260
12/27/1973,2410
12/28/1973,4090
12/29/1973,8410
12/30/1973,5660
12/31/1973,3790
1/1/1974,2910
1/2/1974,2330
1/3/1974,2040
1/4/1974,1830
1/5/1974,1700
1/6/1974,1600
1/7/1974,1440
1/8/1974,1330
1/9/1974,1250
1/10/1974,1180
1/11/1974,1130
1/12/1974,1460
1/13/1974,2300
1/14/1974,3120
1/15/1974,12100
1/16/1974,8800
1/17/1974,11700
1/18/1974,9390
1/19/1974,13400
1/20/1974,8490
1/21/1974,5830
1/22/1974,4470
1/23/1974,3640
1/24/1974,3070
1/25/1974,2690
1/26/1974,2400
1/27/1974,2160
1/28/1974,1990
1/29/1974,1840
1/30/1974,1720
1/31/1974,1680
2/1/1974,1680
2/2/1974,1530
2/3/1974,1440
2/4/1974,1380
2/5/1974,1310
2/6/1974,1240
2/7/1974,1200
2/8/1974,1160
2/9/1974,1120
2/10/1974,1100
2/11/1974,1070
2/12/1974,1060
2/13/1974,1030
2/14/1974,998
2/15/1974,962
2/16/1974,1040
2/17/1974,965
2/18/1974,976
2/19/1974,1390
2/20/1974,1210
2/21/1974,1130
2/22/1974,1080
2/23/1974,1000
2/24/1974,983
2/25/1974,970
2/26/1974,1110
2/27/1974,1170
2/28/1974,1220
3/1/1974,6230
3/2/1974,5970
3/3/1974,3490
3/4/1974,2570
3/5/1974,2250
3/6/1974,2060
3/7/1974,2050
3/8/1974,1920
3/9/1974,1790
3/10/1974,1720
3/11/1974,1790
3/12/1974,2670
3/13/1974,2370
3/14/1974,2180
3/15/1974,2260
3/16/1974,2440
3/17/1974,2590
3/18/1974,2600
3/19/1974,2510
3/20/1974,2360
3/21/1974,2280
3/22/1974,2210
3/23/1974,2150
3/24/1974,2130
3/25/1974,2340
3/26/1974,2650
3/27/1974,4180
3/28/1974,5770
3/29/1974,9570
3/30/1974,15500
3/31/1974,8220
4/1/1974,7510
4/2/1974,6680
4/3/1974,5000
4/4/1974,4050
4/5/1974,3550
4/6/1974,3110
4/7/1974,2830
4/8/1974,2680
4/9/1974,2620
4/10/1974,2310
4/11/1974,2170
4/12/1974,2190
4/13/1974,2100
4/14/1974,2090
4/15/1974,2200
4/16/1974,2390
4/17/1974,2490
4/18/1974,2710
4/19/1974,2340
4/20/1974,2150
4/21/1974,2170
4/22/1974,2390
4/23/1974,2600
4/24/1974,2270
4/25/1974,2000
4/26/1974,1840
4/27/1974,1710
4/28/1974,1700
4/29/1974,1750
4/30/1974,1990
5/1/1974,2470
5/2/1974,2800
5/3/1974,2750
5/4/1974,2840
5/5/1974,3040
5/6/1974,3440
5/7/1974,4070
5/8/1974,4600
5/9/1974,4770
5/10/1974,4460
5/11/1974,4130
5/12/1974,3920
5/13/1974,3560
5/14/1974,3280
5/15/1974,3300
5/16/1974,2970
5/17/1974,2570
5/18/1974,2200
5/19/1974,1940
5/20/1974,1790
5/21/1974,1750
5/22/1974,2010
5/23/1974,2300
5/24/1974,2570
5/25/1974,2940
5/26/1974,3610
5/27/1974,4080
5/28/1974,4000
5/29/1974,3550
5/30/1974,3170
5/31/1974,3090
6/1/1974,3190
6/2/1974,3340
6/3/1974,3380
6/4/1974,3140
6/5/1974,2950
6/6/1974,2880
6/7/1974,2670
6/8/1974,2310
6/9/1974,2160
6/10/1974,2020
6/11/1974,1960
6/12/1974,1910
6/13/1974,1830
6/14/1974,1760
6/15/1974,1660
6/16/1974,1570
6/17/1974,1470
6/18/1974,1380
6/19/1974,1400
6/20/1974,1280
6/21/1974,1200
6/22/1974,1150
6/23/1974,1110
6/24/1974,1040
6/25/1974,962
6/26/1974,900
6/27/1974,850
6/28/1974,825
6/29/1974,815
6/30/1974,807
7/1/1974,785
7/2/1974,750
7/3/1974,715
7/4/1974,680
7/5/1974,653
7/6/1974,615
7/7/1974,609
7/8/1974,920
7/9/1974,1660
7/10/1974,1070
7/11/1974,880
7/12/1974,800
7/13/1974,720
7/14/1974,670
7/15/1974,630
7/16/1974,601
7/17/1974,557
7/18/1974,537
7/19/1974,513
7/20/1974,502
7/21/1974,481
7/22/1974,464
7/23/1974,453
7/24/1974,438
7/25/1974,425
7/26/1974,415
7/27/1974,406
7/28/1974,395
7/29/1974,382
7/30/1974,370
7/31/1974,365
8/1/1974,356
8/2/1974,348
8/3/1974,353
8/4/1974,345
8/5/1974,370
8/6/1974,356
8/7/1974,337
8/8/1974,325
8/9/1974,317
8/10/1974,311
8/11/1974,305
8/12/1974,300
8/13/1974,293
8/14/1974,288
8/15/1974,283
8/16/1974,286
8/17/1974,275
8/18/1974,276
8/19/1974,276
8/20/1974,276
8/21/1974,276
8/22/1974,273
8/23/1974,266
8/24/1974,262
8/25/1974,259
8/26/1974,255
8/27/1974,252
8/28/1974,248
8/29/1974,244
8/30/1974,243
8/31/1974,244
9/1/1974,238
9/2/1974,237
9/3/1974,234
9/4/1974,231
9/5/1974,227
9/6/1974,221
9/7/1974,220
9/8/1974,220
9/9/1974,217
9/10/1974,214
9/11/1974,211
9/12/1974,208
9/13/1974,203
9/14/1974,202
9/15/1974,202
9/16/1974,202
9/17/1974,200
9/18/1974,197
9/19/1974,195
9/20/1974,193
9/21/1974,193
9/22/1974,193
9/23/1974,192
9/24/1974,190
9/25/1974,190
9/26/1974,188
9/27/1974,185
9/28/1974,185
9/29/1974,185
9/30/1974,185
10/1/1974,185
10/2/1974,185
10/3/1974,185
10/4/1974,185
10/5/1974,185
10/6/1974,185
10/7/1974,185
10/8/1974,185
10/9/1974,189
10/10/1974,193
10/11/1974,191
10/12/1974,187
10/13/1974,187
10/14/1974,187
10/15/1974,185
10/16/1974,183
10/17/1974,182
10/18/1974,182
10/19/1974,180
10/20/1974,180
10/21/1974,180
10/22/1974,180
10/23/1974,180
10/24/1974,180
10/25/1974,182
10/26/1974,182
10/27/1974,185
10/28/1974,392
10/29/1974,297
10/30/1974,226
10/31/1974,266
11/1/1974,272
11/2/1974,227
11/3/1974,215
11/4/1974,209
11/5/1974,205
11/6/1974,205
11/7/1974,215
11/8/1974,270
11/9/1974,231
11/10/1974,215
11/11/1974,214
11/12/1974,209
11/13/1974,208
11/14/1974,203
11/15/1974,199
11/16/1974,199
11/17/1974,197
11/18/1974,218
11/19/1974,228
11/20/1974,207
11/21/1974,343
11/22/1974,460
11/23/1974,284
11/24/1974,251
11/25/1974,295
11/26/1974,282
11/27/1974,250
11/28/1974,235
11/29/1974,222
11/30/1974,210
12/1/1974,210
12/2/1974,205
12/3/1974,381
12/4/1974,936
12/5/1974,417
12/6/1974,326
12/7/1974,292
12/8/1974,270
12/9/1974,254
12/10/1974,240
12/11/1974,236
12/12/1974,244
12/13/1974,336
12/14/1974,282
12/15/1974,265
12/16/1974,255
12/17/1974,249
12/18/1974,237
12/19/1974,226
12/20/1974,222
12/21/1974,225
12/22/1974,234
12/23/1974,205
12/24/1974,192
12/25/1974,208
12/26/1974,210
12/27/1974,257
12/28/1974,293
12/29/1974,236
12/30/1974,226
12/31/1974,212
1/1/1975,206
1/2/1975,212
1/3/1975,208
1/4/1975,233
1/5/1975,233
1/6/1975,522
1/7/1975,950
1/8/1975,1840
1/9/1975,791
1/10/1975,532
1/11/1975,432
1/12/1975,380
1/13/1975,360
1/14/1975,349
1/15/1975,342
1/16/1975,340
1/17/1975,335
1/18/1975,337
1/19/1975,356
1/20/1975,365
1/21/1975,367
1/22/1975,366
1/23/1975,356
1/24/1975,356
1/25/1975,362
1/26/1975,405
1/27/1975,384
1/28/1975,334
1/29/1975,344
1/30/1975,307
1/31/1975,319
2/1/1975,414
2/2/1975,731
2/3/1975,520
2/4/1975,621
2/5/1975,488
2/6/1975,439
2/7/1975,589
2/8/1975,1220
2/9/1975,3720
2/10/1975,2360
2/11/1975,1450
2/12/1975,1660
2/13/1975,5270
2/14/1975,2770
2/15/1975,1670
2/16/1975,1270
2/17/1975,1040
2/18/1975,896
2/19/1975,1280
2/20/1975,1820
2/21/1975,1310
2/22/1975,1080
2/23/1975,960
2/24/1975,927
2/25/1975,923
2/26/1975,942
2/27/1975,968
2/28/1975,1140
3/1/1975,1320
3/2/1975,1550
3/3/1975,1540
3/4/1975,1370
3/5/1975,1330
3/6/1975,1480
3/7/1975,1930
3/8/1975,3050
3/9/1975,2720
3/10/1975,2110
3/11/1975,1730
3/12/1975,1480
3/13/1975,1360
3/14/1975,1260
3/15/1975,1170
3/16/1975,1190
3/17/1975,1090
3/18/1975,1280
3/19/1975,2500
3/20/1975,2570
3/21/1975,1960
3/22/1975,1760
3/23/1975,1520
3/24/1975,1760
3/25/1975,7160
3/26/1975,4170
3/27/1975,2830
3/28/1975,2200
3/29/1975,1850
3/30/1975,1720
3/31/1975,1770
4/1/1975,1630
4/2/1975,1510
4/3/1975,1460
4/4/1975,1430
4/5/1975,1360
4/6/1975,1240
4/7/1975,1180
4/8/1975,1120
4/9/1975,1080
4/10/1975,1100
4/11/1975,1110
4/12/1975,1160
4/13/1975,1260
4/14/1975,1470
4/15/1975,1370
4/16/1975,1250
4/17/1975,1160
4/18/1975,1120
4/19/1975,1100
4/20/1975,1120
4/21/1975,1290
4/22/1975,1470
4/23/1975,1480
4/24/1975,2560
4/25/1975,3510
4/26/1975,2520
4/27/1975,2120
4/28/1975,2010
4/29/1975,1970
4/30/1975,2020
5/1/1975,2010
5/2/1975,2260
5/3/1975,2980
5/4/1975,3030
5/5/1975,2440
5/6/1975,2220
5/7/1975,2300
5/8/1975,2400
5/9/1975,2700
5/10/1975,3000
5/11/1975,3200
5/12/1975,3500
5/13/1975,3800
5/14/1975,4100
5/15/1975,4000
5/16/1975,3900
5/17/1975,4200
5/18/1975,4500
5/19/1975,4600
5/20/1975,4500
5/21/1975,4100
5/22/1975,3400
5/23/1975,3500
5/24/1975,3700
5/25/1975,3900
5/26/1975,3800
5/27/1975,4000
5/28/1975,4200
5/29/1975,4400
5/30/1975,4700
5/31/1975,4900
6/1/1975,4800
6/2/1975,4500
6/3/1975,4500
6/4/1975,4600
6/5/1975,4840
6/6/1975,5010
6/7/1975,4670
6/8/1975,4140
6/9/1975,3790
6/10/1975,3630
6/11/1975,3510
6/12/1975,3520
6/13/1975,3510
6/14/1975,3510
6/15/1975,3470
6/16/1975,3240
6/17/1975,2980
6/18/1975,2450
6/19/1975,2080
6/20/1975,1900
6/21/1975,1880
6/22/1975,1830
6/23/1975,1780
6/24/1975,1840
6/25/1975,1560
6/26/1975,1470
6/27/1975,1370
6/28/1975,1340
6/29/1975,1320
6/30/1975,1280
7/1/1975,1220
7/2/1975,1160
7/3/1975,1110
7/4/1975,1060
7/5/1975,1040
7/6/1975,1020
7/7/1975,987
7/8/1975,942
7/9/1975,904
7/10/1975,872
7/11/1975,820
7/12/1975,782
7/13/1975,728
7/14/1975,691
7/15/1975,674
7/16/1975,712
7/17/1975,669
7/18/1975,631
7/19/1975,604
7/20/1975,577
7/21/1975,545
7/22/1975,512
7/23/1975,480
7/24/1975,465
7/25/1975,450
7/26/1975,438
7/27/1975,423
7/28/1975,408
7/29/1975,400
7/30/1975,400
7/31/1975,389
8/1/1975,377
8/2/1975,374
8/3/1975,358
8/4/1975,351
8/5/1975,339
8/6/1975,332
8/7/1975,324
8/8/1975,320
8/9/1975,317
8/10/1975,311
8/11/1975,306
8/12/1975,302
8/13/1975,299
8/14/1975,296
8/15/1975,296
8/16/1975,296
8/17/1975,294
8/18/1975,362
8/19/1975,466
8/20/1975,373
8/21/1975,352
8/22/1975,376
8/23/1975,334
8/24/1975,322
8/25/1975,312
8/26/1975,309
8/27/1975,302
8/28/1975,297
8/29/1975,299
8/30/1975,296
8/31/1975,291
9/1/1975,290
9/2/1975,287
9/3/1975,283
9/4/1975,280
9/5/1975,276
9/6/1975,269
9/7/1975,263
9/8/1975,262
9/9/1975,259
9/10/1975,272
9/11/1975,301
9/12/1975,279
9/13/1975,272
9/14/1975,263
9/15/1975,259
9/16/1975,255
9/17/1975,252
9/18/1975,251
9/19/1975,251
9/20/1975,248
9/21/1975,242
9/22/1975,234
9/23/1975,233
9/24/1975,231
9/25/1975,227
9/26/1975,227
9/27/1975,224
9/28/1975,220
9/29/1975,220
9/30/1975,220
10/1/1975,217
10/2/1975,217
10/3/1975,217
10/4/1975,217
10/5/1975,214
10/6/1975,231
10/7/1975,383
10/8/1975,276
10/9/1975,256
10/10/1975,843
10/11/1975,920
10/12/1975,476
10/13/1975,375
10/14/1975,346
10/15/1975,338
10/16/1975,325
10/17/1975,315
10/18/1975,310
10/19/1975,298
10/20/1975,285
10/21/1975,278
10/22/1975,284
10/23/1975,292
10/24/1975,273
10/25/1975,275
10/26/1975,1590
10/27/1975,931
10/28/1975,536
10/29/1975,440
10/30/1975,750
10/31/1975,619
11/1/1975,493
11/2/1975,444
11/3/1975,410
11/4/1975,383
11/5/1975,356
11/6/1975,337
11/7/1975,455
11/8/1975,563
11/9/1975,419
11/10/1975,571
11/11/1975,475
11/12/1975,435
11/13/1975,425
11/14/1975,422
11/15/1975,497
11/16/1975,1530
11/17/1975,901
11/18/1975,639
11/19/1975,537
11/20/1975,531
11/21/1975,480
11/22/1975,447
11/23/1975,425
11/24/1975,407
11/25/1975,397
11/26/1975,381
11/27/1975,395
11/28/1975,393
11/29/1975,339
11/30/1975,359
12/1/1975,348
12/2/1975,350
12/3/1975,347
12/4/1975,346
12/5/1975,505
12/6/1975,515
12/7/1975,442
12/8/1975,414
12/9/1975,400
12/10/1975,384
12/11/1975,372
12/12/1975,415
12/13/1975,390
12/14/1975,352
12/15/1975,349
12/16/1975,353
12/17/1975,349
12/18/1975,338
12/19/1975,329
12/20/1975,321
12/21/1975,316
12/22/1975,392
12/23/1975,363
12/24/1975,351
12/25/1975,351
12/26/1975,348
12/27/1975,348
12/28/1975,347
12/29/1975,352
12/30/1975,352
12/31/1975,327
1/1/1976,302
1/2/1976,297
1/3/1976,313
1/4/1976,309
1/5/1976,311
1/6/1976,313
1/7/1976,297
1/8/1976,295
1/9/1976,360
1/10/1976,340
1/11/1976,321
1/12/1976,317
1/13/1976,310
1/14/1976,310
1/15/1976,310
1/16/1976,313
1/17/1976,321
1/18/1976,324
1/19/1976,321
1/20/1976,310
1/21/1976,299
1/22/1976,288
1/23/1976,288
1/24/1976,288
1/25/1976,281
1/26/1976,270
1/27/1976,274
1/28/1976,274
1/29/1976,274
1/30/1976,271
1/31/1976,267
2/1/1976,267
2/2/1976,267
2/3/1976,263
2/4/1976,284
2/5/1976,270
2/6/1976,263
2/7/1976,267
2/8/1976,270
2/9/1976,277
2/10/1976,295
2/11/1976,274
2/12/1976,270
2/13/1976,288
2/14/1976,468
2/15/1976,432
2/16/1976,432
2/17/1976,464
2/18/1976,512
2/19/1976,763
2/20/1976,616
2/21/1976,522
2/22/1976,473
2/23/1976,445
2/24/1976,423
2/25/1976,410
2/26/1976,436
2/27/1976,445
2/28/1976,814
2/29/1976,2560
3/1/1976,2110
3/2/1976,1310
3/3/1976,1020
3/4/1976,840
3/5/1976,732
3/6/1976,702
3/7/1976,684
3/8/1976,673
3/9/1976,678
3/10/1976,690
3/11/1976,714
3/12/1976,684
3/13/1976,655
3/14/1976,650
3/15/1976,650
3/16/1976,696
3/17/1976,801
3/18/1976,950
3/19/1976,847
3/20/1976,763
3/21/1976,757
3/22/1976,763
3/23/1976,769
3/24/1976,795
3/25/1976,788
3/26/1976,726
3/27/1976,696
3/28/1976,667
3/29/1976,638
3/30/1976,600
3/31/1976,650
4/1/1976,580
4/2/1976,550
4/3/1976,570
4/4/1976,600
4/5/1976,620
4/6/1976,580
4/7/1976,560
4/8/1976,630
4/9/1976,580
4/10/1976,580
4/11/1976,580
4/12/1976,570
4/13/1976,570
4/14/1976,580
4/15/1976,590
4/16/1976,560
4/17/1976,540
4/18/1976,560
4/19/1976,610
4/20/1976,760
4/21/1976,810
4/22/1976,860
4/23/1976,920
4/24/1976,1000
4/25/1976,1080
4/26/1976,1020
4/27/1976,980
4/28/1976,920
4/29/1976,1030
4/30/1976,1080
5/1/1976,1140
5/2/1976,1160
5/3/1976,1110
5/4/1976,1210
5/5/1976,1180
5/6/1976,1080
5/7/1976,1080
5/8/1976,1150
5/9/1976,1120
5/10/1976,1210
5/11/1976,1180
5/12/1976,1120
5/13/1976,1110
5/14/1976,1120
5/15/1976,986
5/16/1976,874
5/17/1976,827
5/18/1976,744
5/19/1976,684
5/20/1976,627
5/21/1976,589
5/22/1976,562
5/23/1976,526
5/24/1976,502
5/25/1976,482
5/26/1976,454
5/27/1976,436
5/28/1976,418
5/29/1976,405
5/30/1976,388
5/31/1976,384
6/1/1976,380
6/2/1976,356
6/3/1976,344
6/4/1976,336
6/5/1976,324
6/6/1976,313
6/7/1976,306
6/8/1976,295
6/9/1976,302
6/10/1976,344
6/11/1976,344
6/12/1976,317
6/13/1976,291
6/14/1976,274
6/15/1976,263
6/16/1976,256
6/17/1976,250
6/18/1976,243
6/19/1976,237
6/20/1976,234
6/21/1976,234
6/22/1976,227
6/23/1976,221
6/24/1976,209
6/25/1976,203
6/26/1976,197
6/27/1976,192
6/28/1976,189
6/29/1976,189
6/30/1976,178
7/1/1976,172
7/2/1976,172
7/3/1976,172
7/4/1976,165
7/5/1976,162
7/6/1976,162
7/7/1976,162
7/8/1976,157
7/9/1976,154
7/10/1976,152
7/11/1976,152
7/12/1976,147
7/13/1976,147
7/14/1976,147
7/15/1976,143
7/16/1976,138
7/17/1976,138
7/18/1976,138
7/19/1976,138
7/20/1976,138
7/21/1976,136
7/22/1976,133
7/23/1976,131
7/24/1976,132
7/25/1976,133
7/26/1976,128
7/27/1976,126
7/28/1976,125
7/29/1976,126
7/30/1976,127
7/31/1976,125
8/1/1976,126
8/2/1976,129
8/3/1976,129
8/4/1976,129
8/5/1976,129
8/6/1976,129
8/7/1976,127
8/8/1976,126
8/9/1976,126
8/10/1976,125
8/11/1976,122
8/12/1976,122
8/13/1976,120
8/14/1976,151
8/15/1976,422
8/16/1976,292
8/17/1976,190
8/18/1976,345
8/19/1976,196
8/20/1976,175
8/21/1976,157
8/22/1976,157
8/23/1976,178
8/24/1976,157
8/25/1976,152
8/26/1976,145
8/27/1976,140
8/28/1976,138
8/29/1976,133
8/30/1976,131
8/31/1976,129
9/1/1976,126
9/2/1976,124
9/3/1976,122
9/4/1976,120
9/5/1976,120
9/6/1976,118
9/7/1976,116
9/8/1976,116
9/9/1976,116
9/10/1976,116
9/11/1976,189
9/12/1976,215
9/13/1976,157
9/14/1976,145
9/15/1976,140
9/16/1976,138
9/17/1976,131
9/18/1976,129
9/19/1976,129
9/20/1976,129
9/21/1976,126
9/22/1976,124
9/23/1976,124
9/24/1976,124
9/25/1976,122
9/26/1976,120
9/27/1976,118
9/28/1976,114
9/29/1976,116
9/30/1976,116
10/1/1976,116
10/2/1976,126
10/3/1976,150
10/4/1976,142
10/5/1976,133
10/6/1976,126
10/7/1976,124
10/8/1976,122
10/9/1976,120
10/10/1976,118
10/11/1976,118
10/12/1976,118
10/13/1976,116
10/14/1976,114
10/15/1976,114
10/16/1976,114
10/17/1976,114
10/18/1976,114
10/19/1976,114
10/20/1976,114
10/21/1976,114
10/22/1976,114
10/23/1976,114
10/24/1976,114
10/25/1976,114
10/26/1976,114
10/27/1976,114
10/28/1976,114
10/29/1976,114
10/30/1976,114
10/31/1976,114
11/1/1976,114
11/2/1976,114
11/3/1976,114
11/4/1976,116
11/5/1976,116
11/6/1976,113
11/7/1976,112
11/8/1976,112
11/9/1976,112
11/10/1976,112
11/11/1976,112
11/12/1976,112
11/13/1976,113
11/14/1976,294
11/15/1976,233
11/16/1976,172
11/17/1976,161
11/18/1976,148
11/19/1976,141
11/20/1976,137
11/21/1976,134
11/22/1976,132
11/23/1976,130
11/24/1976,127
11/25/1976,125
11/26/1976,121
11/27/1976,116
11/28/1976,110
11/29/1976,115
11/30/1976,118
12/1/1976,118
12/2/1976,118
12/3/1976,118
12/4/1976,118
12/5/1976,118
12/6/1976,118
12/7/1976,118
12/8/1976,118
12/9/1976,118
12/10/1976,118
12/11/1976,118
12/12/1976,118
12/13/1976,118
12/14/1976,118
12/15/1976,116
12/16/1976,116
12/17/1976,116
12/18/1976,115
12/19/1976,114
12/20/1976,115
12/21/1976,112
12/22/1976,112
12/23/1976,112
12/24/1976,112
12/25/1976,112
12/26/1976,112
12/27/1976,111
12/28/1976,108
12/29/1976,118
12/30/1976,119
12/31/1976,121
1/1/1977,118
1/2/1977,278
1/3/1977,442
1/4/1977,198
1/5/1977,164
1/6/1977,145
1/7/1977,133
1/8/1977,130
1/9/1977,128
1/10/1977,130
1/11/1977,134
1/12/1977,133
1/13/1977,133
1/14/1977,132
1/15/1977,131
1/16/1977,131
1/17/1977,131
1/18/1977,133
1/19/1977,141
1/20/1977,145
1/21/1977,146
1/22/1977,159
1/23/1977,163
1/24/1977,150
1/25/1977,142
1/26/1977,137
1/27/1977,133
1/28/1977,130
1/29/1977,128
1/30/1977,126
1/31/1977,126
2/1/1977,127
2/2/1977,126
2/3/1977,124
2/4/1977,122
2/5/1977,123
2/6/1977,124
2/7/1977,124
2/8/1977,152
2/9/1977,198
2/10/1977,155
2/11/1977,148
2/12/1977,148
2/13/1977,147
2/14/1977,145
2/15/1977,144
2/16/1977,147
2/17/1977,147
2/18/1977,147
2/19/1977,144
2/20/1977,141
2/21/1977,548
2/22/1977,463
2/23/1977,299
2/24/1977,253
2/25/1977,212
2/26/1977,194
2/27/1977,185
2/28/1977,192
3/1/1977,201
3/2/1977,178
3/3/1977,172
3/4/1977,166
3/5/1977,159
3/6/1977,159
3/7/1977,160
3/8/1977,162
3/9/1977,239
3/10/1977,250
3/11/1977,200
3/12/1977,198
3/13/1977,214
3/14/1977,188
3/15/1977,193
3/16/1977,189
3/17/1977,189
3/18/1977,186
3/19/1977,185
3/20/1977,191
3/21/1977,195
3/22/1977,205
3/23/1977,260
3/24/1977,295
3/25/1977,265
3/26/1977,257
3/27/1977,266
3/28/1977,276
3/29/1977,254
3/30/1977,235
3/31/1977,219
4/1/1977,208
4/2/1977,209
4/3/1977,201
4/4/1977,204
4/5/1977,251
4/6/1977,313
4/7/1977,350
4/8/1977,409
4/9/1977,407
4/10/1977,339
4/11/1977,307
4/12/1977,307
4/13/1977,339
4/14/1977,362
4/15/1977,338
4/16/1977,360
4/17/1977,407
4/18/1977,356
4/19/1977,310
4/20/1977,288
4/21/1977,289
4/22/1977,285
4/23/1977,302
4/24/1977,303
4/25/1977,304
4/26/1977,282
4/27/1977,269
4/28/1977,267
4/29/1977,264
4/30/1977,262
5/1/1977,388
5/2/1977,383
5/3/1977,317
5/4/1977,379
5/5/1977,348
5/6/1977,364
5/7/1977,348
5/8/1977,335
5/9/1977,447
5/10/1977,609
5/11/1977,538
5/12/1977,489
5/13/1977,454
5/14/1977,573
5/15/1977,602
5/16/1977,507
5/17/1977,449
5/18/1977,415
5/19/1977,393
5/20/1977,428
5/21/1977,473
5/22/1977,468
5/23/1977,432
5/24/1977,402
5/25/1977,373
5/26/1977,378
5/27/1977,522
5/28/1977,429
5/29/1977,392
5/30/1977,369
5/31/1977,363
6/1/1977,363
6/2/1977,345
6/3/1977,310
6/4/1977,294
6/5/1977,282
6/6/1977,273
6/7/1977,275
6/8/1977,256
6/9/1977,238
6/10/1977,253
6/11/1977,236
6/12/1977,216
6/13/1977,203
6/14/1977,191
6/15/1977,181
6/16/1977,175
6/17/1977,169
6/18/1977,164
6/19/1977,160
6/20/1977,202
6/21/1977,176
6/22/1977,159
6/23/1977,148
6/24/1977,144
6/25/1977,137
6/26/1977,132
6/27/1977,128
6/28/1977,124
6/29/1977,122
6/30/1977,118
7/1/1977,118
7/2/1977,122
7/3/1977,122
7/4/1977,119
7/5/1977,114
7/6/1977,114
7/7/1977,112
7/8/1977,112
7/9/1977,109
7/10/1977,108
7/11/1977,105
7/12/1977,103
7/13/1977,102
7/14/1977,101
7/15/1977,100
7/16/1977,97
7/17/1977,94
7/18/1977,92
7/19/1977,91
7/20/1977,91
7/21/1977,91
7/22/1977,90
7/23/1977,89
7/24/1977,87
7/25/1977,86
7/26/1977,86
7/27/1977,86
7/28/1977,86
7/29/1977,86
7/30/1977,85
7/31/1977,83
8/1/1977,82
8/2/1977,82
8/3/1977,81
8/4/1977,81
8/5/1977,80
8/6/1977,79
8/7/1977,79
8/8/1977,79
8/9/1977,79
8/10/1977,79
8/11/1977,79
8/12/1977,77
8/13/1977,76
8/14/1977,76
8/15/1977,76
8/16/1977,74
8/17/1977,73
8/18/1977,73
8/19/1977,74
8/20/1977,74
8/21/1977,74
8/22/1977,74
8/23/1977,74
8/24/1977,73
8/25/1977,74
8/26/1977,89
8/27/1977,92
8/28/1977,86
8/29/1977,82
8/30/1977,79
8/31/1977,77
9/1/1977,74
9/2/1977,73
9/3/1977,73
9/4/1977,73
9/5/1977,73
9/6/1977,72
9/7/1977,71
9/8/1977,71
9/9/1977,71
9/10/1977,71
9/11/1977,71
9/12/1977,71
9/13/1977,71
9/14/1977,71
9/15/1977,71
9/16/1977,75
9/17/1977,101
9/18/1977,113
9/19/1977,109
9/20/1977,123
9/21/1977,101
9/22/1977,92
9/23/1977,89
9/24/1977,87
9/25/1977,87
9/26/1977,87
9/27/1977,86
9/28/1977,88
9/29/1977,163
9/30/1977,148
10/1/1977,112
10/2/1977,100
10/3/1977,94
10/4/1977,91
10/5/1977,90
10/6/1977,88
10/7/1977,86
10/8/1977,86
10/9/1977,86
10/10/1977,86
10/11/1977,86
10/12/1977,84
10/13/1977,82
10/14/1977,82
10/15/1977,82
10/16/1977,82
10/17/1977,82
10/18/1977,82
10/19/1977,82
10/20/1977,82
10/21/1977,82
10/22/1977,82
10/23/1977,82
10/24/1977,82
10/25/1977,82
10/26/1977,82
10/27/1977,84
10/28/1977,90
10/29/1977,93
10/30/1977,107
10/31/1977,107
11/1/1977,99
11/2/1977,95
11/3/1977,93
11/4/1977,91
11/5/1977,162
11/6/1977,140
11/7/1977,113
11/8/1977,106
11/9/1977,103
11/10/1977,101
11/11/1977,100
11/12/1977,100
11/13/1977,99
11/14/1977,98
11/15/1977,97
11/16/1977,96
11/17/1977,96
11/18/1977,95
11/19/1977,94
11/20/1977,91
11/21/1977,244
11/22/1977,837
11/23/1977,283
11/24/1977,203
11/25/1977,188
11/26/1977,184
11/27/1977,182
11/28/1977,174
11/29/1977,156
11/30/1977,148
12/1/1977,144
12/2/1977,137
12/3/1977,133
12/4/1977,130
12/5/1977,133
12/6/1977,141
12/7/1977,135
12/8/1977,132
12/9/1977,125
12/10/1977,118
12/11/1977,133
12/12/1977,169
12/13/1977,142
12/14/1977,482
12/15/1977,3660
12/16/1977,862
12/17/1977,2230
12/18/1977,1450
12/19/1977,710
12/20/1977,511
12/21/1977,428
12/22/1977,749
12/23/1977,2860
12/24/1977,1250
12/25/1977,787
12/26/1977,623
12/27/1977,1690
12/28/1977,1890
12/29/1977,3840
12/30/1977,3260
12/31/1977,1890
1/1/1978,1350
1/2/1978,1110
1/3/1978,1470
1/4/1978,1680
1/5/1978,5600
1/6/1978,3980
1/7/1978,2400
1/8/1978,1880
1/9/1978,4180
1/10/1978,3610
1/11/1978,2500
1/12/1978,2080
1/13/1978,2040
1/14/1978,5270
1/15/1978,5610
1/16/1978,6390
1/17/1978,6500
1/18/1978,4070
1/19/1978,3490
1/20/1978,2800
1/21/1978,2250
1/22/1978,1920
1/23/1978,1650
1/24/1978,1440
1/25/1978,1310
1/26/1978,1210
1/27/1978,1120
1/28/1978,1050
1/29/1978,1010
1/30/1978,976
1/31/1978,940
2/1/1978,915
2/2/1978,1070
2/3/1978,1070
2/4/1978,1010
2/5/1978,1390
2/6/1978,2600
2/7/1978,4080
2/8/1978,3660
2/9/1978,4140
2/10/1978,3010
2/11/1978,2360
2/12/1978,2040
2/13/1978,1890
2/14/1978,1680
2/15/1978,1620
2/16/1978,1460
2/17/1978,1330
2/18/1978,1230
2/19/1978,1190
2/20/1978,1190
2/21/1978,1190
2/22/1978,1210
2/23/1978,1250
2/24/1978,1280
2/25/1978,1240
2/26/1978,1240
2/27/1978,1190
2/28/1978,1130
3/1/1978,1150
3/2/1978,2390
3/3/1978,3430
3/4/1978,5260
3/5/1978,7450
3/6/1978,5980
3/7/1978,4090
3/8/1978,3380
3/9/1978,3060
3/10/1978,2700
3/11/1978,2490
3/12/1978,2230
3/13/1978,1980
3/14/1978,1800
3/15/1978,1680
3/16/1978,1620
3/17/1978,1670
3/18/1978,1750
3/19/1978,1770
3/20/1978,1930
3/21/1978,2180
3/22/1978,2400
3/23/1978,2860
3/24/1978,2870
3/25/1978,2440
3/26/1978,2360
3/27/1978,2370
3/28/1978,2450
3/29/1978,2550
3/30/1978,2710
3/31/1978,3190
4/1/1978,3560
4/2/1978,3210
4/3/1978,2700
4/4/1978,2580
4/5/1978,2280
4/6/1978,2270
4/7/1978,2060
4/8/1978,1950
4/9/1978,1980
4/10/1978,2150
4/11/1978,2330
4/12/1978,2400
4/13/1978,2370
4/14/1978,2350
4/15/1978,2300
4/16/1978,2160
4/17/1978,1950
4/18/1978,1900
4/19/1978,1920
4/20/1978,2230
4/21/1978,2000
4/22/1978,1890
4/23/1978,1820
4/24/1978,1950
4/25/1978,3560
4/26/1978,3190
4/27/1978,2900
4/28/1978,3040
4/29/1978,2800
4/30/1978,2880
5/1/1978,2700
5/2/1978,3000
5/3/1978,3200
5/4/1978,3250
5/5/1978,3100
5/6/1978,2900
5/7/1978,2850
5/8/1978,2950
5/9/1978,3300
5/10/1978,3500
5/11/1978,3550
5/12/1978,3520
5/13/1978,3800
5/14/1978,4200
5/15/1978,4800
5/16/1978,3500
5/17/1978,2650
5/18/1978,2700
5/19/1978,2900
5/20/1978,3000
5/21/1978,3150
5/22/1978,3300
5/23/1978,3150
5/24/1978,2700
5/25/1978,2250
5/26/1978,2000
5/27/1978,2150
5/28/1978,2450
5/29/1978,2800
5/30/1978,3150
5/31/1978,3040
6/1/1978,2910
6/2/1978,2820
6/3/1978,2920
6/4/1978,3080
6/5/1978,3290
6/6/1978,3360
6/7/1978,3450
6/8/1978,3300
6/9/1978,3340
6/10/1978,3020
6/11/1978,2670
6/12/1978,2510
6/13/1978,2430
6/14/1978,2380
6/15/1978,2160
6/16/1978,1950
6/17/1978,1830
6/18/1978,1810
6/19/1978,1700
6/20/1978,1580
6/21/1978,1570
6/22/1978,1500
6/23/1978,1430
6/24/1978,1360
6/25/1978,1280
6/26/1978,1200
6/27/1978,1160
6/28/1978,1420
6/29/1978,1160
6/30/1978,1090
7/1/1978,1040
7/2/1978,987
7/3/1978,936
7/4/1978,880
7/5/1978,833
7/6/1978,800
7/7/1978,794
7/8/1978,756
7/9/1978,731
7/10/1978,707
7/11/1978,647
7/12/1978,624
7/13/1978,598
7/14/1978,570
7/15/1978,553
7/16/1978,528
7/17/1978,502
7/18/1978,481
7/19/1978,462
7/20/1978,444
7/21/1978,428
7/22/1978,415
7/23/1978,402
7/24/1978,390
7/25/1978,376
7/26/1978,369
7/27/1978,359
7/28/1978,347
7/29/1978,338
7/30/1978,327
7/31/1978,319
8/1/1978,309
8/2/1978,301
8/3/1978,294
8/4/1978,287
8/5/1978,279
8/6/1978,273
8/7/1978,267
8/8/1978,269
8/9/1978,269
8/10/1978,257
8/11/1978,248
8/12/1978,243
8/13/1978,243
8/14/1978,243
8/15/1978,240
8/16/1978,235
8/17/1978,234
8/18/1978,233
8/19/1978,231
8/20/1978,225
8/21/1978,222
8/22/1978,221
8/23/1978,221
8/24/1978,221
8/25/1978,219
8/26/1978,218
8/27/1978,218
8/28/1978,213
8/29/1978,207
8/30/1978,204
8/31/1978,204
9/1/1978,201
9/2/1978,198
9/3/1978,196
9/4/1978,190
9/5/1978,328
9/6/1978,540
9/7/1978,314
9/8/1978,258
9/9/1978,273
9/10/1978,650
9/11/1978,404
9/12/1978,299
9/13/1978,262
9/14/1978,252
9/15/1978,242
9/16/1978,234
9/17/1978,227
9/18/1978,221
9/19/1978,220
9/20/1978,215
9/21/1978,212
9/22/1978,212
9/23/1978,210
9/24/1978,207
9/25/1978,204
9/26/1978,201
9/27/1978,198
9/28/1978,195
9/29/1978,193
9/30/1978,190
10/1/1978,187
10/2/1978,187
10/3/1978,182
10/4/1978,182
10/5/1978,182
10/6/1978,179
10/7/1978,177
10/8/1978,176
10/9/1978,176
10/10/1978,174
10/11/1978,174
10/12/1978,171
10/13/1978,166
10/14/1978,164
10/15/1978,163
10/16/1978,163
10/17/1978,162
10/18/1978,159
10/19/1978,156
10/20/1978,156
10/21/1978,156
10/22/1978,156
10/23/1978,154
10/24/1978,152
10/25/1978,151
10/26/1978,151
10/27/1978,151
10/28/1978,151
10/29/1978,151
10/30/1978,148
10/31/1978,147
11/1/1978,151
11/2/1978,157
11/3/1978,164
11/4/1978,162
11/5/1978,157
11/6/1978,154
11/7/1978,154
11/8/1978,152
11/9/1978,151
11/10/1978,146
11/11/1978,145
11/12/1978,154
11/13/1978,176
11/14/1978,170
11/15/1978,161
11/16/1978,161
11/17/1978,166
11/18/1978,166
11/19/1978,193
11/20/1978,467
11/21/1978,407
11/22/1978,304
11/23/1978,236
11/24/1978,208
11/25/1978,197
11/26/1978,188
11/27/1978,185
11/28/1978,181
11/29/1978,185
11/30/1978,217
12/1/1978,368
12/2/1978,312
12/3/1978,233
12/4/1978,212
12/5/1978,219
12/6/1978,203
12/7/1978,179
12/8/1978,197
12/9/1978,202
12/10/1978,196
12/11/1978,190
12/12/1978,190
12/13/1978,189
12/14/1978,182
12/15/1978,181
12/16/1978,177
12/17/1978,247
12/18/1978,259
12/19/1978,220
12/20/1978,191
12/21/1978,200
12/22/1978,197
12/23/1978,195
12/24/1978,195
12/25/1978,202
12/26/1978,203
12/27/1978,201
12/28/1978,198
12/29/1978,190
12/30/1978,184
12/31/1978,218
1/1/1979,204
1/2/1979,197
1/3/1979,181
1/4/1979,180
1/5/1979,182
1/6/1979,184
1/7/1979,190
1/8/1979,376
1/9/1979,499
1/10/1979,382
1/11/1979,4320
1/12/1979,2620
1/13/1979,1170
1/14/1979,894
1/15/1979,875
1/16/1979,727
1/17/1979,577
1/18/1979,494
1/19/1979,431
1/20/1979,401
1/21/1979,383
1/22/1979,367
1/23/1979,351
1/24/1979,345
1/25/1979,338
1/26/1979,302
1/27/1979,302
1/28/1979,289
1/29/1979,255
1/30/1979,286
1/31/1979,290
2/1/1979,274
2/2/1979,274
2/3/1979,251
2/4/1979,261
2/5/1979,256
2/6/1979,256
2/7/1979,255
2/8/1979,253
2/9/1979,255
2/10/1979,267
2/11/1979,278
2/12/1979,280
2/13/1979,1350
2/14/1979,3620
2/15/1979,1590
2/16/1979,1180
2/17/1979,923
2/18/1979,855
2/19/1979,894
2/20/1979,940
2/21/1979,1100
2/22/1979,964
2/23/1979,835
2/24/1979,735
2/25/1979,689
2/26/1979,780
2/27/1979,791
2/28/1979,847
3/1/1979,945
3/2/1979,789
3/3/1979,733
3/4/1979,735
3/5/1979,840
3/6/1979,1220
3/7/1979,1680
3/8/1979,1940
3/9/1979,2030
3/10/1979,2040
3/11/1979,2210
3/12/1979,2210
3/13/1979,2160
3/14/1979,2080
3/15/1979,2470
3/16/1979,2620
3/17/1979,2000
3/18/1979,1760
3/19/1979,1550
3/20/1979,1420
3/21/1979,1310
3/22/1979,1250
3/23/1979,1190
3/24/1979,1190
3/25/1979,1260
3/26/1979,1370
3/27/1979,2710
3/28/1979,2730
3/29/1979,2110
3/30/1979,1770
3/31/1979,1570
4/1/1979,1450
4/2/1979,1360
4/3/1979,1300
4/4/1979,1310
4/5/1979,1490
4/6/1979,2120
4/7/1979,1860
4/8/1979,1800
4/9/1979,1890
4/10/1979,1740
4/11/1979,1650
4/12/1979,1590
4/13/1979,1790
4/14/1979,2020
4/15/1979,2110
4/16/1979,2280
4/17/1979,2120
4/18/1979,1850
4/19/1979,1620
4/20/1979,1540
4/21/1979,1530
4/22/1979,1610
4/23/1979,1680
4/24/1979,1840
4/25/1979,1740
4/26/1979,2190
4/27/1979,3460
4/28/1979,3040
4/29/1979,2790
4/30/1979,2720
5/1/1979,2740
5/2/1979,2530
5/3/1979,2880
5/4/1979,3150
5/5/1979,3690
5/6/1979,3790
5/7/1979,3940
5/8/1979,3190
5/9/1979,2730
5/10/1979,2460
5/11/1979,2460
5/12/1979,2620
5/13/1979,2890
5/14/1979,3300
5/15/1979,3540
5/16/1979,3660
5/17/1979,3670
5/18/1979,3840
5/19/1979,3960
5/20/1979,3830
5/21/1979,3840
5/22/1979,3790
5/23/1979,3450
5/24/1979,3190
5/25/1979,3100
5/26/1979,3160
5/27/1979,3180
5/28/1979,2880
5/29/1979,2480
5/30/1979,2100
5/31/1979,1890
6/1/1979,1770
6/2/1979,1710
6/3/1979,1700
6/4/1979,1730
6/5/1979,1700
6/6/1979,1660
6/7/1979,1520
6/8/1979,1310
6/9/1979,1200
6/10/1979,1130
6/11/1979,1030
6/12/1979,978
6/13/1979,921
6/14/1979,851
6/15/1979,792
6/16/1979,750
6/17/1979,733
6/18/1979,726
6/19/1979,677
6/20/1979,642
6/21/1979,610
6/22/1979,582
6/23/1979,559
6/24/1979,540
6/25/1979,517
6/26/1979,495
6/27/1979,474
6/28/1979,458
6/29/1979,445
6/30/1979,431
7/1/1979,418
7/2/1979,410
7/3/1979,401
7/4/1979,394
7/5/1979,386
7/6/1979,374
7/7/1979,366
7/8/1979,354
7/9/1979,346
7/10/1979,339
7/11/1979,338
7/12/1979,326
7/13/1979,315
7/14/1979,304
7/15/1979,297
7/16/1979,291
7/17/1979,283
7/18/1979,275
7/19/1979,269
7/20/1979,261
7/21/1979,279
7/22/1979,300
7/23/1979,276
7/24/1979,260
7/25/1979,252
7/26/1979,244
7/27/1979,240
7/28/1979,237
7/29/1979,233
7/30/1979,228
7/31/1979,222
8/1/1979,219
8/2/1979,215
8/3/1979,214
8/4/1979,210
8/5/1979,204
8/6/1979,202
8/7/1979,201
8/8/1979,201
8/9/1979,201
8/10/1979,197
8/11/1979,193
8/12/1979,192
8/13/1979,192
8/14/1979,192
8/15/1979,192
8/16/1979,190
8/17/1979,190
8/18/1979,187
8/19/1979,184
8/20/1979,182
8/21/1979,187
8/22/1979,190
8/23/1979,189
8/24/1979,184
8/25/1979,179
8/26/1979,177
8/27/1979,176
8/28/1979,175
8/29/1979,198
8/30/1979,213
8/31/1979,218
9/1/1979,192
9/2/1979,185
9/3/1979,181
9/4/1979,176
9/5/1979,174
9/6/1979,171
9/7/1979,171
9/8/1979,166
9/9/1979,164
9/10/1979,162
9/11/1979,161
9/12/1979,159
9/13/1979,156
9/14/1979,154
9/15/1979,152
9/16/1979,151
9/17/1979,149
9/18/1979,149
9/19/1979,149
9/20/1979,149
9/21/1979,149
9/22/1979,149
9/23/1979,149
9/24/1979,149
9/25/1979,158
9/26/1979,161
9/27/1979,161
9/28/1979,154
9/29/1979,152
9/30/1979,149
10/1/1979,149
10/2/1979,147
10/3/1979,140
10/4/1979,140
10/5/1979,140
10/6/1979,140
10/7/1979,140
10/8/1979,144
10/9/1979,161
10/10/1979,152
10/11/1979,147
10/12/1979,145
10/13/1979,145
10/14/1979,153
10/15/1979,193
10/16/1979,200
10/17/1979,168
10/18/1979,166
10/19/1979,812
10/20/1979,1160
10/21/1979,525
10/22/1979,349
10/23/1979,302
10/24/1979,282
10/25/1979,1600
10/26/1979,971
10/27/1979,474
10/28/1979,374
10/29/1979,325
10/30/1979,295
10/31/1979,285
11/1/1979,270
11/2/1979,256
11/3/1979,350
11/4/1979,595
11/5/1979,561
11/6/1979,429
11/7/1979,377
11/8/1979,342
11/9/1979,318
11/10/1979,301
11/11/1979,285
11/12/1979,274
11/13/1979,264
11/14/1979,256
11/15/1979,250
11/16/1979,248
11/17/1979,407
11/18/1979,412
11/19/1979,337
11/20/1979,299
11/21/1979,280
11/22/1979,282
11/23/1979,338
11/24/1979,459
11/25/1979,1070
11/26/1979,2160
11/27/1979,1050
11/28/1979,732
11/29/1979,602
11/30/1979,529
12/1/1979,480
12/2/1979,446
12/3/1979,423
12/4/1979,396
12/5/1979,377
12/6/1979,362
12/7/1979,351
12/8/1979,343
12/9/1979,333
12/10/1979,323
12/11/1979,304
12/12/1979,284
12/13/1979,295
12/14/1979,290
12/15/1979,280
12/16/1979,273
12/17/1979,269
12/18/1979,261
12/19/1979,267
12/20/1979,298
12/21/1979,429
12/22/1979,377
12/23/1979,406
12/24/1979,1540
12/25/1979,1570
12/26/1979,820
12/27/1979,602
12/28/1979,505
12/29/1979,456
12/30/1979,808
12/31/1979,4970
1/1/1980,3360
1/2/1980,1900
1/3/1980,1390
1/4/1980,1140
1/5/1980,1000
1/6/1980,938
1/7/1980,936
1/8/1980,930
1/9/1980,2060
1/10/1980,2990
1/11/1980,3340
1/12/1980,28200
1/13/1980,39700
1/14/1980,18700
1/15/1980,10400
1/16/1980,8810
1/17/1980,7200
1/18/1980,5040
1/19/1980,3870
1/20/1980,3150
1/21/1980,2660
1/22/1980,2370
1/23/1980,2000
1/24/1980,1790
1/25/1980,1650
1/26/1980,1500
1/27/1980,1400
1/28/1980,1320
1/29/1980,1190
1/30/1980,1090
1/31/1980,1050
2/1/1980,987
2/2/1980,940
2/3/1980,958
2/4/1980,973
2/5/1980,916
2/6/1980,908
2/7/1980,868
2/8/1980,828
2/9/1980,789
2/10/1980,770
2/11/1980,742
2/12/1980,697
2/13/1980,688
2/14/1980,809
2/15/1980,1760
2/16/1980,3160
2/17/1980,6370
2/18/1980,12500
2/19/1980,12200
2/20/1980,8230
2/21/1980,6720
2/22/1980,5490
2/23/1980,4730
2/24/1980,3990
2/25/1980,3390
2/26/1980,3050
2/27/1980,2930
2/28/1980,3540
2/29/1980,3090
3/1/1980,2780
3/2/1980,2680
3/3/1980,2780
3/4/1980,2880
3/5/1980,3030
3/6/1980,2910
3/7/1980,2710
3/8/1980,2460
3/9/1980,2220
3/10/1980,2070
3/11/1980,2030
3/12/1980,1910
3/13/1980,1740
3/14/1980,1800
3/15/1980,1990
3/16/1980,1770
3/17/1980,1680
3/18/1980,1700
3/19/1980,1570
3/20/1980,1550
3/21/1980,1480
3/22/1980,1400
3/23/1980,1380
3/24/1980,1350
3/25/1980,1310
3/26/1980,1240
3/27/1980,1210
3/28/1980,1180
3/29/1980,1180
3/30/1980,1240
3/31/1980,1190
4/1/1980,1140
4/2/1980,1130
4/3/1980,1090
4/4/1980,1080
4/5/1980,1640
4/6/1980,1780
4/7/1980,1660
4/8/1980,1510
4/9/1980,1480
4/10/1980,1480
4/11/1980,1480
4/12/1980,1470
4/13/1980,1630
4/14/1980,2000
4/15/1980,2000
4/16/1980,2060
4/17/1980,2340
4/18/1980,2740
4/19/1980,2890
4/20/1980,3220
4/21/1980,3080
4/22/1980,2450
4/23/1980,2200
4/24/1980,2470
4/25/1980,2460
4/26/1980,2650
4/27/1980,2840
4/28/1980,3090
4/29/1980,3180
4/30/1980,3240
5/1/1980,2850
5/2/1980,2880
5/3/1980,3030
5/4/1980,3250
5/5/1980,3310
5/6/1980,3190
5/7/1980,3040
5/8/1980,2930
5/9/1980,2980
5/10/1980,2550
5/11/1980,2140
5/12/1980,1970
5/13/1980,2030
5/14/1980,2130
5/15/1980,2260
5/16/1980,2290
5/17/1980,2370
5/18/1980,2490
5/19/1980,2740
5/20/1980,3040
5/21/1980,3210
5/22/1980,3240
5/23/1980,2880
5/24/1980,2270
5/25/1980,1940
5/26/1980,1710
5/27/1980,1610
5/28/1980,1570
5/29/1980,1580
5/30/1980,1660
5/31/1980,1850
6/1/1980,1970
6/2/1980,2030
6/3/1980,1800
6/4/1980,1750
6/5/1980,1740
6/6/1980,1550
6/7/1980,1540
6/8/1980,1640
6/9/1980,1740
6/10/1980,1820
6/11/1980,1830
6/12/1980,1740
6/13/1980,1580
6/14/1980,1430
6/15/1980,1450
6/16/1980,1540
6/17/1980,1610
6/18/1980,1600
6/19/1980,1570
6/20/1980,1490
6/21/1980,1430
6/22/1980,1340
6/23/1980,1250
6/24/1980,1220
6/25/1980,1170
6/26/1980,1130
6/27/1980,1060
6/28/1980,1030
6/29/1980,1010
6/30/1980,986
7/1/1980,977
7/2/1980,1120
7/3/1980,1070
7/4/1980,953
7/5/1980,880
7/6/1980,821
7/7/1980,777
7/8/1980,748
7/9/1980,715
7/10/1980,685
7/11/1980,651
7/12/1980,621
7/13/1980,601
7/14/1980,579
7/15/1980,559
7/16/1980,532
7/17/1980,511
7/18/1980,489
7/19/1980,474
7/20/1980,458
7/21/1980,445
7/22/1980,427
7/23/1980,409
7/24/1980,398
7/25/1980,385
7/26/1980,373
7/27/1980,357
7/28/1980,352
7/29/1980,356
7/30/1980,349
7/31/1980,345
8/1/1980,333
8/2/1980,312
8/3/1980,306
8/4/1980,296
8/5/1980,289
8/6/1980,284
8/7/1980,279
8/8/1980,277
8/9/1980,267
8/10/1980,260
8/11/1980,260
8/12/1980,254
8/13/1980,253
8/14/1980,250
8/15/1980,248
8/16/1980,250
8/17/1980,246
8/18/1980,246
8/19/1980,243
8/20/1980,243
8/21/1980,237
8/22/1980,234
8/23/1980,232
8/24/1980,232
8/25/1980,233
8/26/1980,227
8/27/1980,223
8/28/1980,213
8/29/1980,212
8/30/1980,212
8/31/1980,213
9/1/1980,215
9/2/1980,215
9/3/1980,212
9/4/1980,209
9/5/1980,206
9/6/1980,203
9/7/1980,201
9/8/1980,203
9/9/1980,206
9/10/1980,203
9/11/1980,206
9/12/1980,206
9/13/1980,200
9/14/1980,200
9/15/1980,200
9/16/1980,200
9/17/1980,195
9/18/1980,194
9/19/1980,195
9/20/1980,197
9/21/1980,195
9/22/1980,194
9/23/1980,188
9/24/1980,184
9/25/1980,181
9/26/1980,180
9/27/1980,180
9/28/1980,178
9/29/1980,178
9/30/1980,176
10/1/1980,175
10/2/1980,175
10/3/1980,170
10/4/1980,170
10/5/1980,168
10/6/1980,167
10/7/1980,167
10/8/1980,165
10/9/1980,165
10/10/1980,165
10/11/1980,165
10/12/1980,199
10/13/1980,226
10/14/1980,277
10/15/1980,231
10/16/1980,208
10/17/1980,200
10/18/1980,198
10/19/1980,195
10/20/1980,194
10/21/1980,192
10/22/1980,191
10/23/1980,187
10/24/1980,184
10/25/1980,188
10/26/1980,250
10/27/1980,211
10/28/1980,196
10/29/1980,191
10/30/1980,189
10/31/1980,187
11/1/1980,184
11/2/1980,183
11/3/1980,183
11/4/1980,182
11/5/1980,180
11/6/1980,182
11/7/1980,198
11/8/1980,396
11/9/1980,244
11/10/1980,212
11/11/1980,202
11/12/1980,199
11/13/1980,193
11/14/1980,187
11/15/1980,183
11/16/1980,183
11/17/1980,180
11/18/1980,180
11/19/1980,178
11/20/1980,178
11/21/1980,179
11/22/1980,196
11/23/1980,205
11/24/1980,237
11/25/1980,199
11/26/1980,188
11/27/1980,184
11/28/1980,183
11/29/1980,181
11/30/1980,424
12/1/1980,322
12/2/1980,334
12/3/1980,1410
12/4/1980,2480
12/5/1980,744
12/6/1980,477
12/7/1980,390
12/8/1980,332
12/9/1980,313
12/10/1980,295
12/11/1980,280
12/12/1980,276
12/13/1980,270
12/14/1980,266
12/15/1980,260
12/16/1980,300
12/17/1980,309
12/18/1980,298
12/19/1980,291
12/20/1980,280
12/21/1980,302
12/22/1980,542
12/23/1980,408
12/24/1980,345
12/25/1980,314
12/26/1980,310
12/27/1980,322
12/28/1980,321
12/29/1980,311
12/30/1980,295
12/31/1980,285
1/1/1981,274
1/2/1981,263
1/3/1981,277
1/4/1981,399
1/5/1981,322
1/6/1981,295
1/7/1981,278
1/8/1981,269
1/9/1981,260
1/10/1981,251
1/11/1981,244
1/12/1981,240
1/13/1981,237
1/14/1981,237
1/15/1981,234
1/16/1981,253
1/17/1981,271
1/18/1981,269
1/19/1981,260
1/20/1981,284
1/21/1981,278
1/22/1981,301
1/23/1981,632
1/24/1981,706
1/25/1981,522
1/26/1981,437
1/27/1981,1990
1/28/1981,2710
1/29/1981,1560
1/30/1981,984
1/31/1981,756
2/1/1981,653
2/2/1981,594
2/3/1981,559
2/4/1981,537
2/5/1981,517
2/6/1981,487
2/7/1981,464
2/8/1981,454
2/9/1981,454
2/10/1981,450
2/11/1981,495
2/12/1981,566
2/13/1981,782
2/14/1981,4520
2/15/1981,2370
2/16/1981,1670
2/17/1981,2060
2/18/1981,1650
2/19/1981,1730
2/20/1981,1930
2/21/1981,1400
2/22/1981,1210
2/23/1981,1100
2/24/1981,1180
2/25/1981,1060
2/26/1981,958
2/27/1981,878
2/28/1981,847
3/1/1981,806
3/2/1981,786
3/3/1981,770
3/4/1981,900
3/5/1981,938
3/6/1981,896
3/7/1981,852
3/8/1981,808
3/9/1981,792
3/10/1981,798
3/11/1981,807
3/12/1981,798
3/13/1981,791
3/14/1981,741
3/15/1981,732
3/16/1981,796
3/17/1981,723
3/18/1981,711
3/19/1981,1160
3/20/1981,1370
3/21/1981,1490
3/22/1981,1650
3/23/1981,1400
3/24/1981,1290
3/25/1981,3300
3/26/1981,3770
3/27/1981,2560
3/28/1981,2040
3/29/1981,1910
3/30/1981,1710
3/31/1981,1520
4/1/1981,1530
4/2/1981,1400
4/3/1981,1290
4/4/1981,1200
4/5/1981,1210
4/6/1981,1320
4/7/1981,1360
4/8/1981,1340
4/9/1981,1300
4/10/1981,1240
4/11/1981,1160
4/12/1981,1140
4/13/1981,1210
4/14/1981,1340
4/15/1981,1380
4/16/1981,1370
4/17/1981,1480
4/18/1981,1780
4/19/1981,1490
4/20/1981,1440
4/21/1981,1650
4/22/1981,1990
4/23/1981,2300
4/24/1981,2290
4/25/1981,1980
4/26/1981,1560
4/27/1981,1520
4/28/1981,1830
4/29/1981,2080
4/30/1981,2190
5/1/1981,2120
5/2/1981,1980
5/3/1981,1820
5/4/1981,1640
5/5/1981,1490
5/6/1981,1370
5/7/1981,1230
5/8/1981,1150
5/9/1981,1160
5/10/1981,1250
5/11/1981,1230
5/12/1981,1210
5/13/1981,1200
5/14/1981,1220
5/15/1981,1240
5/16/1981,1140
5/17/1981,1100
5/18/1981,1560
5/19/1981,1640
5/20/1981,1320
5/21/1981,1210
5/22/1981,1130
5/23/1981,1070
5/24/1981,1060
5/25/1981,1310
5/26/1981,1350
5/27/1981,1200
5/28/1981,1070
5/29/1981,950
5/30/1981,850
5/31/1981,780
6/1/1981,720
6/2/1981,680
6/3/1981,625
6/4/1981,590
6/5/1981,560
6/6/1981,525
6/7/1981,505
6/8/1981,480
6/9/1981,468
6/10/1981,441
6/11/1981,423
6/12/1981,414
6/13/1981,405
6/14/1981,384
6/15/1981,376
6/16/1981,364
6/17/1981,348
6/18/1981,336
6/19/1981,324
6/20/1981,313
6/21/1981,306
6/22/1981,295
6/23/1981,288
6/24/1981,284
6/25/1981,274
6/26/1981,270
6/27/1981,263
6/28/1981,256
6/29/1981,253
6/30/1981,246
7/1/1981,240
7/2/1981,236
7/3/1981,234
7/4/1981,228
7/5/1981,225
7/6/1981,224
7/7/1981,219
7/8/1981,215
7/9/1981,209
7/10/1981,206
7/11/1981,201
7/12/1981,200
7/13/1981,198
7/14/1981,197
7/15/1981,192
7/16/1981,186
7/17/1981,183
7/18/1981,181
7/19/1981,180
7/20/1981,178
7/21/1981,175
7/22/1981,170
7/23/1981,168
7/24/1981,167
7/25/1981,165
7/26/1981,165
7/27/1981,162
7/28/1981,158
7/29/1981,157
7/30/1981,155
7/31/1981,152
8/1/1981,152
8/2/1981,150
8/3/1981,147
8/4/1981,147
8/5/1981,146
8/6/1981,145
8/7/1981,143
8/8/1981,141
8/9/1981,140
8/10/1981,138
8/11/1981,138
8/12/1981,138
8/13/1981,138
8/14/1981,138
8/15/1981,138
8/16/1981,136
8/17/1981,133
8/18/1981,133
8/19/1981,133
8/20/1981,133
8/21/1981,133
8/22/1981,133
8/23/1981,133
8/24/1981,131
8/25/1981,131
8/26/1981,131
8/27/1981,131
8/28/1981,129
8/29/1981,129
8/30/1981,127
8/31/1981,126
9/1/1981,126
9/2/1981,124
9/3/1981,124
9/4/1981,124
9/5/1981,124
9/6/1981,124
9/7/1981,124
9/8/1981,124
9/9/1981,124
9/10/1981,124
9/11/1981,124
9/12/1981,123
9/13/1981,123
9/14/1981,123
9/15/1981,122
9/16/1981,122
9/17/1981,122
9/18/1981,122
9/19/1981,122
9/20/1981,122
9/21/1981,122
9/22/1981,122
9/23/1981,122
9/24/1981,128
9/25/1981,192
9/26/1981,152
9/27/1981,135
9/28/1981,145
9/29/1981,151
9/30/1981,135
10/1/1981,129
10/2/1981,131
10/3/1981,139
10/4/1981,143
10/5/1981,137
10/6/1981,132
10/7/1981,225
10/8/1981,226
10/9/1981,162
10/10/1981,163
10/11/1981,434
10/12/1981,294
10/13/1981,217
10/14/1981,192
10/15/1981,180
10/16/1981,176
10/17/1981,173
10/18/1981,174
10/19/1981,171
10/20/1981,163
10/21/1981,159
10/22/1981,156
10/23/1981,152
10/24/1981,150
10/25/1981,148
10/26/1981,147
10/27/1981,170
10/28/1981,1780
10/29/1981,920
10/30/1981,478
10/31/1981,374
11/1/1981,369
11/2/1981,355
11/3/1981,340
11/4/1981,311
11/5/1981,288
11/6/1981,274
11/7/1981,269
11/8/1981,251
11/9/1981,237
11/10/1981,227
11/11/1981,222
11/12/1981,811
11/13/1981,4230
11/14/1981,4760
11/15/1981,4210
11/16/1981,4330
11/17/1981,6830
11/18/1981,2990
11/19/1981,1890
11/20/1981,1400
11/21/1981,4370
11/22/1981,5250
11/23/1981,18200
11/24/1981,16800
11/25/1981,6490
11/26/1981,4350
11/27/1981,3240
11/28/1981,2520
11/29/1981,2050
11/30/1981,1720
12/1/1981,1500
12/2/1981,1360
12/3/1981,1200
12/4/1981,1100
12/5/1981,1010
12/6/1981,936
12/7/1981,1120
12/8/1981,1050
12/9/1981,1040
12/10/1981,1650
12/11/1981,1300
12/12/1981,1240
12/13/1981,1740
12/14/1981,2280
12/15/1981,3250
12/16/1981,2890
12/17/1981,2210
12/18/1981,2440
12/19/1981,21000
12/20/1981,28000
12/21/1981,11900
12/22/1981,7520
12/23/1981,5430
12/24/1981,4270
12/25/1981,3540
12/26/1981,3380
12/27/1981,5600
12/28/1981,3940
12/29/1981,5850
12/30/1981,7930
12/31/1981,5690
1/1/1982,5300
1/2/1982,4120
1/3/1982,3310
1/4/1982,3090
1/5/1982,2910
1/6/1982,2540
1/7/1982,2220
1/8/1982,2010
1/9/1982,1880
1/10/1982,1820
1/11/1982,1770
1/12/1982,1670
1/13/1982,1570
1/14/1982,1520
1/15/1982,1470
1/16/1982,1420
1/17/1982,1390
1/18/1982,1420
1/19/1982,1400
1/20/1982,1370
1/21/1982,1300
1/22/1982,1180
1/23/1982,1140
1/24/1982,1130
1/25/1982,1150
1/26/1982,1770
1/27/1982,1770
1/28/1982,1600
1/29/1982,1400
1/30/1982,1290
1/31/1982,1230
2/1/1982,1180
2/2/1982,1140
2/3/1982,1150
2/4/1982,1120
2/5/1982,1060
2/6/1982,1010
2/7/1982,999
2/8/1982,962
2/9/1982,931
2/10/1982,899
2/11/1982,826
2/12/1982,832
2/13/1982,1270
2/14/1982,7530
2/15/1982,17100
2/16/1982,21500
2/17/1982,8860
2/18/1982,6010
2/19/1982,4850
2/20/1982,4530
2/21/1982,4370
2/22/1982,4420
2/23/1982,3840
2/24/1982,3300
2/25/1982,2930
2/26/1982,2700
2/27/1982,2510
2/28/1982,2330
3/1/1982,3020
3/2/1982,4020
3/3/1982,3250
3/4/1982,2750
3/5/1982,2450
3/6/1982,2230
3/7/1982,2080
3/8/1982,2000
3/9/1982,1890
3/10/1982,2490
3/11/1982,4480
3/12/1982,3870
3/13/1982,3270
3/14/1982,3510
3/15/1982,3210
3/16/1982,2880
3/17/1982,2610
3/18/1982,2450
3/19/1982,2220
3/20/1982,2050
3/21/1982,1930
3/22/1982,1830
3/23/1982,1760
3/24/1982,1730
3/25/1982,1700
3/26/1982,1670
3/27/1982,1700
3/28/1982,1840
3/29/1982,1760
3/30/1982,1730
3/31/1982,2130
4/1/1982,1900
4/2/1982,1780
4/3/1982,3310
4/4/1982,2970
4/5/1982,2270
4/6/1982,1970
4/7/1982,1760
4/8/1982,1630
4/9/1982,1620
4/10/1982,2640
4/11/1982,18200
4/12/1982,11900
4/13/1982,7740
4/14/1982,6640
4/15/1982,5800
4/16/1982,4810
4/17/1982,4340
4/18/1982,4200
4/19/1982,4030
4/20/1982,3940
4/21/1982,3800
4/22/1982,3820
4/23/1982,4010
4/24/1982,4220
4/25/1982,4160
4/26/1982,4070
4/27/1982,4130
4/28/1982,4290
4/29/1982,4190
4/30/1982,4070
5/1/1982,4250
5/2/1982,4430
5/3/1982,4540
5/4/1982,4630
5/5/1982,4500
5/6/1982,4340
5/7/1982,4480
5/8/1982,4560
5/9/1982,4190
5/10/1982,3610
5/11/1982,3210
5/12/1982,3150
5/13/1982,3270
5/14/1982,3480
5/15/1982,3540
5/16/1982,3750
5/17/1982,3940
5/18/1982,3830
5/19/1982,3650
5/20/1982,3690
5/21/1982,3930
5/22/1982,4080
5/23/1982,4250
5/24/1982,4520
5/25/1982,4710
5/26/1982,4820
5/27/1982,4520
5/28/1982,3770
5/29/1982,3360
5/30/1982,3100
5/31/1982,3060
6/1/1982,2950
6/2/1982,2790
6/3/1982,2720
6/4/1982,2570
6/5/1982,2340
6/6/1982,2200
6/7/1982,2160
6/8/1982,2160
6/9/1982,2190
6/10/1982,2270
6/11/1982,2330
6/12/1982,2230
6/13/1982,2120
6/14/1982,2060
6/15/1982,2160
6/16/1982,2220
6/17/1982,2280
6/18/1982,2380
6/19/1982,2300
6/20/1982,2170
6/21/1982,1970
6/22/1982,1810
6/23/1982,1680
6/24/1982,1570
6/25/1982,1460
6/26/1982,1370
6/27/1982,1340
6/28/1982,1280
6/29/1982,1460
6/30/1982,1290
7/1/1982,1360
7/2/1982,1170
7/3/1982,1070
7/4/1982,1000
7/5/1982,938
7/6/1982,896
7/7/1982,857
7/8/1982,821
7/9/1982,779
7/10/1982,748
7/11/1982,721
7/12/1982,697
7/13/1982,678
7/14/1982,650
7/15/1982,626
7/16/1982,600
7/17/1982,574
7/18/1982,555
7/19/1982,532
7/20/1982,514
7/21/1982,496
7/22/1982,478
7/23/1982,464
7/24/1982,453
7/25/1982,440
7/26/1982,427
7/27/1982,413
7/28/1982,405
7/29/1982,396
7/30/1982,385
7/31/1982,382
8/1/1982,377
8/2/1982,372
8/3/1982,364
8/4/1982,355
8/5/1982,345
8/6/1982,352
8/7/1982,343
8/8/1982,340
8/9/1982,337
8/10/1982,329
8/11/1982,323
8/12/1982,321
8/13/1982,317
8/14/1982,314
8/15/1982,311
8/16/1982,304
8/17/1982,299
8/18/1982,292
8/19/1982,288
8/20/1982,286
8/21/1982,285
8/22/1982,278
8/23/1982,271
8/24/1982,267
8/25/1982,264
8/26/1982,260
8/27/1982,258
8/28/1982,260
8/29/1982,262
8/30/1982,263
8/31/1982,258
9/1/1982,254
9/2/1982,251
9/3/1982,250
9/4/1982,250
9/5/1982,244
9/6/1982,240
9/7/1982,237
9/8/1982,234
9/9/1982,231
9/10/1982,228
9/11/1982,227
9/12/1982,227
9/13/1982,227
9/14/1982,227
9/15/1982,253
9/16/1982,295
9/17/1982,299
9/18/1982,336
9/19/1982,392
9/20/1982,299
9/21/1982,270
9/22/1982,260
9/23/1982,250
9/24/1982,281
9/25/1982,418
9/26/1982,578
9/27/1982,328
9/28/1982,295
9/29/1982,282
9/30/1982,285
10/1/1982,275
10/2/1982,269
10/3/1982,263
10/4/1982,258
10/5/1982,254
10/6/1982,248
10/7/1982,284
10/8/1982,254
10/9/1982,238
10/10/1982,231
10/11/1982,227
10/12/1982,223
10/13/1982,216
10/14/1982,214
10/15/1982,217
10/16/1982,219
10/17/1982,213
10/18/1982,212
10/19/1982,210
10/20/1982,209
10/21/1982,218
10/22/1982,316
10/23/1982,871
10/24/1982,642
10/25/1982,1890
10/26/1982,4050
10/27/1982,1190
10/28/1982,792
10/29/1982,644
10/30/1982,773
10/31/1982,710
11/1/1982,580
11/2/1982,517
11/3/1982,475
11/4/1982,448
11/5/1982,423
11/6/1982,406
11/7/1982,395
11/8/1982,404
11/9/1982,389
11/10/1982,394
11/11/1982,384
11/12/1982,366
11/13/1982,357
11/14/1982,346
11/15/1982,342
11/16/1982,332
11/17/1982,448
11/18/1982,5000
11/19/1982,2690
11/20/1982,1460
11/21/1982,1050
11/22/1982,1000
11/23/1982,1030
11/24/1982,896
11/25/1982,795
11/26/1982,719
11/27/1982,692
11/28/1982,1510
11/29/1982,3950
11/30/1982,3220
12/1/1982,2010
12/2/1982,1470
12/3/1982,1230
12/4/1982,1210
12/5/1982,1170
12/6/1982,1130
12/7/1982,1070
12/8/1982,976
12/9/1982,914
12/10/1982,864
12/11/1982,814
12/12/1982,804
12/13/1982,845
12/14/1982,763
12/15/1982,730
12/16/1982,714
12/17/1982,2520
12/18/1982,1670
12/19/1982,1280
12/20/1982,2240
12/21/1982,9400
12/22/1982,7500
12/23/1982,4200
12/24/1982,3500
12/25/1982,3050
12/26/1982,2510
12/27/1982,2050
12/28/1982,1740
12/29/1982,1450
12/30/1982,1270
12/31/1982,1130
1/1/1983,1020
1/2/1983,970
1/3/1983,918
1/4/1983,880
1/5/1983,840
1/6/1983,818
1/7/1983,801
1/8/1983,802
1/9/1983,803
1/10/1983,790
1/11/1983,775
1/12/1983,755
1/13/1983,750
1/14/1983,743
1/15/1983,745
1/16/1983,770
1/17/1983,900
1/18/1983,1020
1/19/1983,1160
1/20/1983,950
1/21/1983,910
1/22/1983,1200
1/23/1983,2050
1/24/1983,4100
1/25/1983,3120
1/26/1983,2450
1/27/1983,3750
1/28/1983,3500
1/29/1983,2400
1/30/1983,2070
1/31/1983,1890
2/1/1983,1720
2/2/1983,1570
2/3/1983,1440
2/4/1983,1350
2/5/1983,1410
2/6/1983,1660
2/7/1983,2700
2/8/1983,4080
2/9/1983,3880
2/10/1983,4090
2/11/1983,3500
2/12/1983,4500
2/13/1983,6850
2/14/1983,5650
2/15/1983,4400
2/16/1983,3200
2/17/1983,2300
2/18/1983,2380
2/19/1983,2450
2/20/1983,2230
2/21/1983,2080
2/22/1983,1960
2/23/1983,1900
2/24/1983,2000
2/25/1983,2500
2/26/1983,2870
2/27/1983,3490
2/28/1983,4850
3/1/1983,6500
3/2/1983,6220
3/3/1983,4850
3/4/1983,3540
3/5/1983,3230
3/6/1983,3140
3/7/1983,3410
3/8/1983,3540
3/9/1983,3200
3/10/1983,3610
3/11/1983,4100
3/12/1983,4350
3/13/1983,17100
3/14/1983,10200
3/15/1983,8160
3/16/1983,6420
3/17/1983,5280
3/18/1983,4340
3/19/1983,3700
3/20/1983,3320
3/21/1983,3060
3/22/1983,2860
3/23/1983,2710
3/24/1983,2760
3/25/1983,2720
3/26/1983,2490
3/27/1983,2480
3/28/1983,2310
3/29/1983,2190
3/30/1983,2210
3/31/1983,4400
4/1/1983,3500
4/2/1983,3250
4/3/1983,2880
4/4/1983,2590
4/5/1983,2410
4/6/1983,2250
4/7/1983,2150
4/8/1983,2140
4/9/1983,2140
4/10/1983,2010
4/11/1983,1930
4/12/1983,1840
4/13/1983,1750
4/14/1983,1660
4/15/1983,1560
4/16/1983,1590
4/17/1983,1700
4/18/1983,1790
4/19/1983,2240
4/20/1983,2800
4/21/1983,2680
4/22/1983,2660
4/23/1983,2650
4/24/1983,2570
4/25/1983,2490
4/26/1983,2380
4/27/1983,2310
4/28/1983,3190
4/29/1983,3500
4/30/1983,3240
5/1/1983,2960
5/2/1983,2690
5/3/1983,2640
5/4/1983,2800
5/5/1983,2720
5/6/1983,2620
5/7/1983,2530
5/8/1983,2710
5/9/1983,2640
5/10/1983,2510
5/11/1983,2470
5/12/1983,2590
5/13/1983,2860
5/14/1983,3140
5/15/1983,3330
5/16/1983,3510
5/17/1983,3390
5/18/1983,3770
5/19/1983,4500
5/20/1983,5270
5/21/1983,5750
5/22/1983,6230
5/23/1983,6550
5/24/1983,6700
5/25/1983,6890
5/26/1983,7440
5/27/1983,7540
5/28/1983,7660
5/29/1983,7780
5/30/1983,7400
5/31/1983,7180
6/1/1983,6410
6/2/1983,5750
6/3/1983,5040
6/4/1983,5250
6/5/1983,5440
6/6/1983,5580
6/7/1983,5750
6/8/1983,5420
6/9/1983,5260
6/10/1983,5640
6/11/1983,6380
6/12/1983,5200
6/13/1983,4600
6/14/1983,4450
6/15/1983,4680
6/16/1983,4700
6/17/1983,5000
6/18/1983,4830
6/19/1983,4300
6/20/1983,3820
6/21/1983,3590
6/22/1983,3900
6/23/1983,4100
6/24/1983,3990
6/25/1983,3800
6/26/1983,3750
6/27/1983,3590
6/28/1983,3300
6/29/1983,3170
6/30/1983,3070
7/1/1983,3100
7/2/1983,3540
7/3/1983,3020
7/4/1983,2920
7/5/1983,3080
7/6/1983,3050
7/7/1983,2660
7/8/1983,2250
7/9/1983,2050
7/10/1983,1880
7/11/1983,1860
7/12/1983,1890
7/13/1983,1910
7/14/1983,1920
7/15/1983,1810
7/16/1983,1630
7/17/1983,1500
7/18/1983,1370
7/19/1983,1300
7/20/1983,1230
7/21/1983,1170
7/22/1983,1150
7/23/1983,1110
7/24/1983,1050
7/25/1983,1020
7/26/1983,966
7/27/1983,920
7/28/1983,886
7/29/1983,868
7/30/1983,847
7/31/1983,829
8/1/1983,799
8/2/1983,769
8/3/1983,742
8/4/1983,707
8/5/1983,675
8/6/1983,645
8/7/1983,624
8/8/1983,618
8/9/1983,594
8/10/1983,578
8/11/1983,568
8/12/1983,545
8/13/1983,523
8/14/1983,506
8/15/1983,513
8/16/1983,521
8/17/1983,484
8/18/1983,470
8/19/1983,479
8/20/1983,500
8/21/1983,466
8/22/1983,509
8/23/1983,470
8/24/1983,445
8/25/1983,427
8/26/1983,415
8/27/1983,401
8/28/1983,391
8/29/1983,380
8/30/1983,374
8/31/1983,379
9/1/1983,428
9/2/1983,398
9/3/1983,378
9/4/1983,367
9/5/1983,358
9/6/1983,349
9/7/1983,343
9/8/1983,335
9/9/1983,329
9/10/1983,326
9/11/1983,322
9/12/1983,318
9/13/1983,311
9/14/1983,308
9/15/1983,303
9/16/1983,298
9/17/1983,295
9/18/1983,291
9/19/1983,290
9/20/1983,285
9/21/1983,284
9/22/1983,291
9/23/1983,340
9/24/1983,337
9/25/1983,311
9/26/1983,299
9/27/1983,292
9/28/1983,304
9/29/1983,353
9/30/1983,550
10/1/1983,417
10/2/1983,526
10/3/1983,427
10/4/1983,349
10/5/1983,325
10/6/1983,312
10/7/1983,304
10/8/1983,303
10/9/1983,308
10/10/1983,307
10/11/1983,296
10/12/1983,286
10/13/1983,282
10/14/1983,307
10/15/1983,297
10/16/1983,286
10/17/1983,281
10/18/1983,275
10/19/1983,271
10/20/1983,270
10/21/1983,270
10/22/1983,267
10/23/1983,280
10/24/1983,318
10/25/1983,280
10/26/1983,268
10/27/1983,261
10/28/1983,260
10/29/1983,260
10/30/1983,563
10/31/1983,1410
11/1/1983,1540
11/2/1983,997
11/3/1983,591
11/4/1983,479
11/5/1983,428
11/6/1983,407
11/7/1983,862
11/8/1983,589
11/9/1983,538
11/10/1983,1770
11/11/1983,6360
11/12/1983,3390
11/13/1983,3250
11/14/1983,2220
11/15/1983,1590
11/16/1983,2280
11/17/1983,9300
11/18/1983,4280
11/19/1983,3060
11/20/1983,3970
11/21/1983,2690
11/22/1983,2060
11/23/1983,1760
11/24/1983,7590
11/25/1983,5530
11/26/1983,3340
11/27/1983,2520
11/28/1983,2080
11/29/1983,1770
11/30/1983,1580
12/1/1983,1460
12/2/1983,1530
12/3/1983,2200
12/4/1983,2110
12/5/1983,1660
12/6/1983,1660
12/7/1983,1780
12/8/1983,1950
12/9/1983,2700
12/10/1983,5260
12/11/1983,5070
12/12/1983,3960
12/13/1983,2920
12/14/1983,2640
12/15/1983,2650
12/16/1983,2470
12/17/1983,2720
12/18/1983,2340
12/19/1983,2110
12/20/1983,1930
12/21/1983,1730
12/22/1983,1620
12/23/1983,1610
12/24/1983,3690
12/25/1983,12100
12/26/1983,12900
12/27/1983,10100
12/28/1983,6950
12/29/1983,5030
12/30/1983,7160
12/31/1983,6790
1/1/1984,4930
1/2/1984,4020
1/3/1984,3460
1/4/1984,3200
1/5/1984,3110
1/6/1984,2940
1/7/1984,2720
1/8/1984,2530
1/9/1984,2330
1/10/1984,2190
1/11/1984,2060
1/12/1984,1910
1/13/1984,1790
1/14/1984,1690
1/15/1984,1610
1/16/1984,1590
1/17/1984,1450
1/18/1984,1380
1/19/1984,1330
1/20/1984,1270
1/21/1984,1240
1/22/1984,1190
1/23/1984,1140
1/24/1984,1110
1/25/1984,1100
1/26/1984,1070
1/27/1984,1030
1/28/1984,1010
1/29/1984,992
1/30/1984,974
1/31/1984,967
2/1/1984,955
2/2/1984,937
2/3/1984,913
2/4/1984,905
2/5/1984,901
2/6/1984,890
2/7/1984,872
2/8/1984,859
2/9/1984,1130
2/10/1984,1090
2/11/1984,957
2/12/1984,1020
2/13/1984,2750
2/14/1984,2750
2/15/1984,2260
2/16/1984,2710
2/17/1984,2090
2/18/1984,1780
2/19/1984,1620
2/20/1984,1530
2/21/1984,1950
2/22/1984,1730
2/23/1984,1580
2/24/1984,1540
2/25/1984,1440
2/26/1984,1350
2/27/1984,1310
2/28/1984,1280
2/29/1984,1240
3/1/1984,1230
3/2/1984,1290
3/3/1984,1320
3/4/1984,1270
3/5/1984,1220
3/6/1984,1220
3/7/1984,1220
3/8/1984,1240
3/9/1984,1270
3/10/1984,1270
3/11/1984,1260
3/12/1984,1240
3/13/1984,3110
3/14/1984,3990
3/15/1984,3640
3/16/1984,3040
3/17/1984,2670
3/18/1984,2380
3/19/1984,2310
3/20/1984,2380
3/21/1984,2540
3/22/1984,2310
3/23/1984,2130
3/24/1984,2070
3/25/1984,2020
3/26/1984,2090
3/27/1984,2100
3/28/1984,1890
3/29/1984,1840
3/30/1984,1700
3/31/1984,1710
4/1/1984,1600
4/2/1984,1510
4/3/1984,1450
4/4/1984,1470
4/5/1984,1420
4/6/1984,1400
4/7/1984,1420
4/8/1984,1780
4/9/1984,1540
4/10/1984,1660
4/11/1984,1660
4/12/1984,1600
4/13/1984,1580
4/14/1984,1650
4/15/1984,1840
4/16/1984,2020
4/17/1984,2080
4/18/1984,2030
4/19/1984,1970
4/20/1984,1770
4/21/1984,1690
4/22/1984,1710
4/23/1984,1840
4/24/1984,1940
4/25/1984,1860
4/26/1984,1680
4/27/1984,1570
4/28/1984,1500
4/29/1984,1490
4/30/1984,1500
5/1/1984,1720
5/2/1984,2070
5/3/1984,2210
5/4/1984,2410
5/5/1984,2220
5/6/1984,2120
5/7/1984,2070
5/8/1984,2240
5/9/1984,2480
5/10/1984,2620
5/11/1984,2750
5/12/1984,2970
5/13/1984,3100
5/14/1984,3080
5/15/1984,2640
5/16/1984,2150
5/17/1984,2040
5/18/1984,2030
5/19/1984,2140
5/20/1984,2460
5/21/1984,2560
5/22/1984,2500
5/23/1984,2540
5/24/1984,2520
5/25/1984,2300
5/26/1984,2250
5/27/1984,2190
5/28/1984,2210
5/29/1984,2240
5/30/1984,2240
5/31/1984,2070
6/1/1984,1840
6/2/1984,1670
6/3/1984,1560
6/4/1984,1760
6/5/1984,1700
6/6/1984,1740
6/7/1984,1880
6/8/1984,1450
6/9/1984,1290
6/10/1984,1230
6/11/1984,1150
6/12/1984,1110
6/13/1984,1070
6/14/1984,1060
6/15/1984,1090
6/16/1984,1060
6/17/1984,1050
6/18/1984,1020
6/19/1984,965
6/20/1984,911
6/21/1984,856
6/22/1984,800
6/23/1984,768
6/24/1984,748
6/25/1984,729
6/26/1984,691
6/27/1984,654
6/28/1984,623
6/29/1984,597
6/30/1984,576
7/1/1984,556
7/2/1984,534
7/3/1984,515
7/4/1984,498
7/5/1984,479
7/6/1984,464
7/7/1984,447
7/8/1984,446
7/9/1984,429
7/10/1984,411
7/11/1984,401
7/12/1984,392
7/13/1984,376
7/14/1984,348
7/15/1984,320
7/16/1984,366
7/17/1984,355
7/18/1984,357
7/19/1984,346
7/20/1984,335
7/21/1984,329
7/22/1984,321
7/23/1984,319
7/24/1984,371
7/25/1984,334
7/26/1984,318
7/27/1984,305
7/28/1984,296
7/29/1984,290
7/30/1984,287
7/31/1984,282
8/1/1984,276
8/2/1984,273
8/3/1984,270
8/4/1984,268
8/5/1984,264
8/6/1984,261
8/7/1984,257
8/8/1984,251
8/9/1984,246
8/10/1984,237
8/11/1984,237
8/12/1984,234
8/13/1984,231
8/14/1984,228
8/15/1984,227
8/16/1984,226
8/17/1984,227
8/18/1984,222
8/19/1984,218
8/20/1984,218
8/21/1984,215
8/22/1984,215
8/23/1984,210
8/24/1984,209
8/25/1984,207
8/26/1984,213
8/27/1984,213
8/28/1984,209
8/29/1984,207
8/30/1984,215
8/31/1984,257
9/1/1984,227
9/2/1984,215
9/3/1984,207
9/4/1984,203
9/5/1984,207
9/6/1984,207
9/7/1984,200
9/8/1984,195
9/9/1984,192
9/10/1984,192
9/11/1984,190
9/12/1984,186
9/13/1984,186
9/14/1984,187
9/15/1984,186
9/16/1984,184
9/17/1984,183
9/18/1984,182
9/19/1984,192
9/20/1984,211
9/21/1984,203
9/22/1984,189
9/23/1984,186
9/24/1984,183
9/25/1984,181
9/26/1984,180
9/27/1984,180
9/28/1984,180
9/29/1984,178
9/30/1984,190
10/1/1984,238
10/2/1984,220
10/3/1984,201
10/4/1984,192
10/5/1984,189
10/6/1984,186
10/7/1984,186
10/8/1984,184
10/9/1984,181
10/10/1984,182
10/11/1984,419
10/12/1984,314
10/13/1984,259
10/14/1984,271
10/15/1984,217
10/16/1984,234
10/17/1984,295
10/18/1984,237
10/19/1984,232
10/20/1984,297
10/21/1984,280
10/22/1984,243
10/23/1984,231
10/24/1984,224
10/25/1984,237
10/26/1984,252
10/27/1984,311
10/28/1984,260
10/29/1984,311
10/30/1984,293
10/31/1984,253
11/1/1984,232
11/2/1984,661
11/3/1984,1180
11/4/1984,512
11/5/1984,370
11/6/1984,413
11/7/1984,511
11/8/1984,640
11/9/1984,515
11/10/1984,450
11/11/1984,1380
11/12/1984,1220
11/13/1984,1690
11/14/1984,1290
11/15/1984,815
11/16/1984,722
11/17/1984,652
11/18/1984,856
11/19/1984,752
11/20/1984,675
11/21/1984,666
11/22/1984,589
11/23/1984,533
11/24/1984,1500
11/25/1984,1130
11/26/1984,764
11/27/1984,1330
11/28/1984,2950
11/29/1984,1610
11/30/1984,1130
12/1/1984,923
12/2/1984,792
12/3/1984,739
12/4/1984,666
12/5/1984,626
12/6/1984,584
12/7/1984,550
12/8/1984,547
12/9/1984,531
12/10/1984,699
12/11/1984,864
12/12/1984,775
12/13/1984,692
12/14/1984,627
12/15/1984,638
12/16/1984,615
12/17/1984,556
12/18/1984,530
12/19/1984,525
12/20/1984,506
12/21/1984,489
12/22/1984,470
12/23/1984,464
12/24/1984,459
12/25/1984,456
12/26/1984,452
12/27/1984,442
12/28/1984,436
12/29/1984,426
12/30/1984,416
12/31/1984,401
1/1/1985,396
1/2/1985,394
1/3/1985,395
1/4/1985,392
1/5/1985,393
1/6/1985,401
1/7/1985,525
1/8/1985,499
1/9/1985,469
1/10/1985,451
1/11/1985,431
1/12/1985,413
1/13/1985,406
1/14/1985,403
1/15/1985,397
1/16/1985,392
1/17/1985,388
1/18/1985,399
1/19/1985,406
1/20/1985,408
1/21/1985,412
1/22/1985,392
1/23/1985,395
1/24/1985,388
1/25/1985,384
1/26/1985,405
1/27/1985,379
1/28/1985,396
1/29/1985,376
1/30/1985,354
1/31/1985,343
2/1/1985,341
2/2/1985,355
2/3/1985,342
2/4/1985,332
2/5/1985,327
2/6/1985,329
2/7/1985,422
2/8/1985,2900
2/9/1985,1350
2/10/1985,845
2/11/1985,685
2/12/1985,612
2/13/1985,602
2/14/1985,602
2/15/1985,617
2/16/1985,639
2/17/1985,642
2/18/1985,647
2/19/1985,664
2/20/1985,704
2/21/1985,664
2/22/1985,648
2/23/1985,652
2/24/1985,661
2/25/1985,670
2/26/1985,669
2/27/1985,676
2/28/1985,674
3/1/1985,697
3/2/1985,718
3/3/1985,642
3/4/1985,647
3/5/1985,614
3/6/1985,637
3/7/1985,623
3/8/1985,582
3/9/1985,593
3/10/1985,652
3/11/1985,683
3/12/1985,666
3/13/1985,711
3/14/1985,745
3/15/1985,780
3/16/1985,811
3/17/1985,830
3/18/1985,978
3/19/1985,1020
3/20/1985,1010
3/21/1985,1040
3/22/1985,986
3/23/1985,937
3/24/1985,1190
3/25/1985,1160
3/26/1985,1100
3/27/1985,1180
3/28/1985,1130
3/29/1985,1020
3/30/1985,973
3/31/1985,1060
4/1/1985,1340
4/2/1985,1800
4/3/1985,2130
4/4/1985,2290
4/5/1985,2510
4/6/1985,2670
4/7/1985,2650
4/8/1985,2570
4/9/1985,2600
4/10/1985,2660
4/11/1985,2510
4/12/1985,2410
4/13/1985,2570
4/14/1985,2940
4/15/1985,3060
4/16/1985,2820
4/17/1985,2420
4/18/1985,2080
4/19/1985,2070
4/20/1985,1810
4/21/1985,1640
4/22/1985,1690
4/23/1985,1600
4/24/1985,1610
4/25/1985,1550
4/26/1985,1420
4/27/1985,1420
4/28/1985,1650
4/29/1985,1780
4/30/1985,1790
5/1/1985,2030
5/2/1985,2230
5/3/1985,2220
5/4/1985,2010
5/5/1985,1930
5/6/1985,1970
5/7/1985,1910
5/8/1985,1770
5/9/1985,1630
5/10/1985,1490
5/11/1985,1350
5/12/1985,1320
5/13/1985,1350
5/14/1985,1460
5/15/1985,1500
5/16/1985,1410
5/17/1985,1430
5/18/1985,1450
5/19/1985,1440
5/20/1985,1450
5/21/1985,1380
5/22/1985,1370
5/23/1985,1370
5/24/1985,1370
5/25/1985,1300
5/26/1985,1210
5/27/1985,1110
5/28/1985,1020
5/29/1985,1010
5/30/1985,909
5/31/1985,815
6/1/1985,767
6/2/1985,769
6/3/1985,763
6/4/1985,726
6/5/1985,726
6/6/1985,718
6/7/1985,708
6/8/1985,696
6/9/1985,675
6/10/1985,638
6/11/1985,603
6/12/1985,569
6/13/1985,548
6/14/1985,522
6/15/1985,501
6/16/1985,480
6/17/1985,462
6/18/1985,440
6/19/1985,412
6/20/1985,406
6/21/1985,382
6/22/1985,371
6/23/1985,362
6/24/1985,350
6/25/1985,338
6/26/1985,332
6/27/1985,321
6/28/1985,316
6/29/1985,305
6/30/1985,300
7/1/1985,294
7/2/1985,290
7/3/1985,280
7/4/1985,275
7/5/1985,270
7/6/1985,261
7/7/1985,256
7/8/1985,242
7/9/1985,232
7/10/1985,222
7/11/1985,219
7/12/1985,222
7/13/1985,214
7/14/1985,207
7/15/1985,203
7/16/1985,199
7/17/1985,197
7/18/1985,195
7/19/1985,193
7/20/1985,190
7/21/1985,198
7/22/1985,216
7/23/1985,204
7/24/1985,191
7/25/1985,184
7/26/1985,187
7/27/1985,204
7/28/1985,189
7/29/1985,179
7/30/1985,177
7/31/1985,178
8/1/1985,177
8/2/1985,177
8/3/1985,175
8/4/1985,170
8/5/1985,167
8/6/1985,164
8/7/1985,163
8/8/1985,161
8/9/1985,158
8/10/1985,157
8/11/1985,155
8/12/1985,153
8/13/1985,152
8/14/1985,152
8/15/1985,151
8/16/1985,150
8/17/1985,149
8/18/1985,155
8/19/1985,154
8/20/1985,156
8/21/1985,149
8/22/1985,146
8/23/1985,145
8/24/1985,142
8/25/1985,141
8/26/1985,139
8/27/1985,138
8/28/1985,138
8/29/1985,137
8/30/1985,144
8/31/1985,151
9/1/1985,144
9/2/1985,139
9/3/1985,143
9/4/1985,145
9/5/1985,145
9/6/1985,143
9/7/1985,150
9/8/1985,264
9/9/1985,382
9/10/1985,250
9/11/1985,204
9/12/1985,188
9/13/1985,177
9/14/1985,171
9/15/1985,163
9/16/1985,159
9/17/1985,156
9/18/1985,160
9/19/1985,160
9/20/1985,157
9/21/1985,153
9/22/1985,152
9/23/1985,150
9/24/1985,149
9/25/1985,147
9/26/1985,145
9/27/1985,144
9/28/1985,144
9/29/1985,143
9/30/1985,143
10/1/1985,144
10/2/1985,140
10/3/1985,137
10/4/1985,135
10/5/1985,134
10/6/1985,135
10/7/1985,150
10/8/1985,153
10/9/1985,150
10/10/1985,147
10/11/1985,147
10/12/1985,149
10/13/1985,144
10/14/1985,139
10/15/1985,138
10/16/1985,138
10/17/1985,138
10/18/1985,138
10/19/1985,135
10/20/1985,135
10/21/1985,207
10/22/1985,196
10/23/1985,222
10/24/1985,235
10/25/1985,193
10/26/1985,177
10/27/1985,166
10/28/1985,159
10/29/1985,154
10/30/1985,151
10/31/1985,149
11/1/1985,146
11/2/1985,144
11/3/1985,143
11/4/1985,143
11/5/1985,141
11/6/1985,138
11/7/1985,136
11/8/1985,136
11/9/1985,151
11/10/1985,274
11/11/1985,196
11/12/1985,173
11/13/1985,164
11/14/1985,164
11/15/1985,170
11/16/1985,209
11/17/1985,212
11/18/1985,191
11/19/1985,165
11/20/1985,161
11/21/1985,156
11/22/1985,154
11/23/1985,176
11/24/1985,504
11/25/1985,746
11/26/1985,421
11/27/1985,300
11/28/1985,431
11/29/1985,1200
11/30/1985,587
12/1/1985,390
12/2/1985,2010
12/3/1985,2510
12/4/1985,1180
12/5/1985,803
12/6/1985,658
12/7/1985,749
12/8/1985,796
12/9/1985,619
12/10/1985,514
12/11/1985,446
12/12/1985,406
12/13/1985,388
12/14/1985,362
12/15/1985,342
12/16/1985,325
12/17/1985,314
12/18/1985,310
12/19/1985,312
12/20/1985,324
12/21/1985,329
12/22/1985,330
12/23/1985,328
12/24/1985,335
12/25/1985,349
12/26/1985,352
12/27/1985,347
12/28/1985,335
12/29/1985,341
12/30/1985,1080
12/31/1985,866
1/1/1986,768
1/2/1986,711
1/3/1986,603
1/4/1986,798
1/5/1986,3400
1/6/1986,2250
1/7/1986,1380
1/8/1986,1060
1/9/1986,883
1/10/1986,778
1/11/1986,694
1/12/1986,637
1/13/1986,598
1/14/1986,594
1/15/1986,664
1/16/1986,2990
1/17/1986,6630
1/18/1986,3230
1/19/1986,2270
1/20/1986,2000
1/21/1986,1590
1/22/1986,1350
1/23/1986,1370
1/24/1986,1180
1/25/1986,1070
1/26/1986,971
1/27/1986,914
1/28/1986,897
1/29/1986,919
1/30/1986,1420
1/31/1986,1960
2/1/1986,1890
2/2/1986,1980
2/3/1986,1830
2/4/1986,1550
2/5/1986,1420
2/6/1986,1240
2/7/1986,1110
2/8/1986,1060
2/9/1986,964
2/10/1986,909
2/11/1986,875
2/12/1986,1550
2/13/1986,6710
2/14/1986,10800
2/15/1986,15600
2/16/1986,15700
2/17/1986,44300
2/18/1986,36900
2/19/1986,19600
2/20/1986,10000
2/21/1986,6500
2/22/1986,5100
2/23/1986,5000
2/24/1986,4400
2/25/1986,4100
2/26/1986,4000
2/27/1986,3900
2/28/1986,3700
3/1/1986,3500
3/2/1986,3300
3/3/1986,3200
3/4/1986,3100
3/5/1986,3000
3/6/1986,3000
3/7/1986,8200
3/8/1986,27000
3/9/1986,10800
3/10/1986,6800
3/11/1986,5200
3/12/1986,4400
3/13/1986,3900
3/14/1986,3800
3/15/1986,3740
3/16/1986,3200
3/17/1986,2830
3/18/1986,2620
3/19/1986,2530
3/20/1986,2550
3/21/1986,2560
3/22/1986,2600
3/23/1986,2650
3/24/1986,2770
3/25/1986,2740
3/26/1986,2650
3/27/1986,2740
3/28/1986,2880
3/29/1986,2970
3/30/1986,3060
3/31/1986,3100
4/1/1986,3050
4/2/1986,2770
4/3/1986,2460
4/4/1986,2300
4/5/1986,2210
4/6/1986,2170
4/7/1986,2390
4/8/1986,2150
4/9/1986,1980
4/10/1986,1990
4/11/1986,2060
4/12/1986,2100
4/13/1986,1900
4/14/1986,1770
4/15/1986,1720
4/16/1986,1660
4/17/1986,1580
4/18/1986,1510
4/19/1986,1490
4/20/1986,1600
4/21/1986,1890
4/22/1986,2160
4/23/1986,2170
4/24/1986,2010
4/25/1986,1880
4/26/1986,1700
4/27/1986,1630
4/28/1986,1800
4/29/1986,1920
4/30/1986,1850
5/1/1986,1820
5/2/1986,1810
5/3/1986,2020
5/4/1986,1900
5/5/1986,1750
5/6/1986,1690
5/7/1986,1500
5/8/1986,1510
5/9/1986,1480
5/10/1986,1590
5/11/1986,1610
5/12/1986,1560
5/13/1986,1650
5/14/1986,1690
5/15/1986,1750
5/16/1986,1770
5/17/1986,1830
5/18/1986,1970
5/19/1986,2090
5/20/1986,2040
5/21/1986,1860
5/22/1986,1670
5/23/1986,1630
5/24/1986,1570
5/25/1986,1760
5/26/1986,1930
5/27/1986,2060
5/28/1986,2040
5/29/1986,2100
5/30/1986,2280
5/31/1986,2290
6/1/1986,2170
6/2/1986,2040
6/3/1986,1880
6/4/1986,1700
6/5/1986,1530
6/6/1986,1420
6/7/1986,1320
6/8/1986,1180
6/9/1986,1040
6/10/1986,920
6/11/1986,840
6/12/1986,790
6/13/1986,765
6/14/1986,745
6/15/1986,725
6/16/1986,705
6/17/1986,690
6/18/1986,660
6/19/1986,630
6/20/1986,605
6/21/1986,580
6/22/1986,550
6/23/1986,525
6/24/1986,500
6/25/1986,485
6/26/1986,465
6/27/1986,450
6/28/1986,430
6/29/1986,415
6/30/1986,395
7/1/1986,380
7/2/1986,365
7/3/1986,350
7/4/1986,340
7/5/1986,332
7/6/1986,326
7/7/1986,322
7/8/1986,316
7/9/1986,311
7/10/1986,310
7/11/1986,306
7/12/1986,300
7/13/1986,290
7/14/1986,284
7/15/1986,278
7/16/1986,271
7/17/1986,268
7/18/1986,264
7/19/1986,261
7/20/1986,261
7/21/1986,260
7/22/1986,265
7/23/1986,269
7/24/1986,274
7/25/1986,262
7/26/1986,267
7/27/1986,270
7/28/1986,263
7/29/1986,252
7/30/1986,246
7/31/1986,239
8/1/1986,234
8/2/1986,230
8/3/1986,227
8/4/1986,223
8/5/1986,220
8/6/1986,217
8/7/1986,213
8/8/1986,210
8/9/1986,208
8/10/1986,205
8/11/1986,202
8/12/1986,200
8/13/1986,198
8/14/1986,198
8/15/1986,198
8/16/1986,195
8/17/1986,194
8/18/1986,191
8/19/1986,188
8/20/1986,188
8/21/1986,186
8/22/1986,185
8/23/1986,182
8/24/1986,181
8/25/1986,179
8/26/1986,179
8/27/1986,178
8/28/1986,175
8/29/1986,176
8/30/1986,176
8/31/1986,175
9/1/1986,174
9/2/1986,172
9/3/1986,170
9/4/1986,167
9/5/1986,167
9/6/1986,166
9/7/1986,164
9/8/1986,162
9/9/1986,162
9/10/1986,165
9/11/1986,167
9/12/1986,165
9/13/1986,163
9/14/1986,163
9/15/1986,168
9/16/1986,211
9/17/1986,310
9/18/1986,331
9/19/1986,294
9/20/1986,286
9/21/1986,237
9/22/1986,222
9/23/1986,210
9/24/1986,377
9/25/1986,780
9/26/1986,1070
9/27/1986,990
9/28/1986,530
9/29/1986,400
9/30/1986,380
10/1/1986,415
10/2/1986,395
10/3/1986,365
10/4/1986,370
10/5/1986,425
10/6/1986,475
10/7/1986,430
10/8/1986,390
10/9/1986,355
10/10/1986,330
10/11/1986,305
10/12/1986,285
10/13/1986,270
10/14/1986,255
10/15/1986,243
10/16/1986,237
10/17/1986,234
10/18/1986,237
10/19/1986,234
10/20/1986,230
10/21/1986,224
10/22/1986,221
10/23/1986,215
10/24/1986,214
10/25/1986,214
10/26/1986,212
10/27/1986,211
10/28/1986,211
10/29/1986,305
10/30/1986,540
10/31/1986,355
11/1/1986,290
11/2/1986,240
11/3/1986,218
11/4/1986,206
11/5/1986,203
11/6/1986,199
11/7/1986,197
11/8/1986,196
11/9/1986,196
11/10/1986,193
11/11/1986,193
11/12/1986,193
11/13/1986,190
11/14/1986,190
11/15/1986,190
11/16/1986,187
11/17/1986,187
11/18/1986,185
11/19/1986,190
11/20/1986,194
11/21/1986,246
11/22/1986,230
11/23/1986,203
11/24/1986,194
11/25/1986,190
11/26/1986,185
11/27/1986,181
11/28/1986,179
11/29/1986,203
11/30/1986,192
12/1/1986,184
12/2/1986,182
12/3/1986,181
12/4/1986,180
12/5/1986,252
12/6/1986,227
12/7/1986,202
12/8/1986,192
12/9/1986,184
12/10/1986,179
12/11/1986,176
12/12/1986,173
12/13/1986,176
12/14/1986,191
12/15/1986,192
12/16/1986,180
12/17/1986,175
12/18/1986,187
12/19/1986,208
12/20/1986,222
12/21/1986,198
12/22/1986,209
12/23/1986,216
12/24/1986,196
12/25/1986,190
12/26/1986,185
12/27/1986,184
12/28/1986,179
12/29/1986,174
12/30/1986,174
12/31/1986,177
